timestamp,total_yes_count,yes_since_log_start,new_yes_since_previous
2023-08-24T00:53:37.314000,5579.0,0.0,0.0
2023-08-24T00:56:18.833000,5580.0,1.0,1.0
2023-08-24T00:57:18.680000,5581.0,2.0,1.0
2023-08-24T01:01:19.154000,5582.0,3.0,1.0
2023-08-24T01:08:18.586000,5583.0,4.0,1.0
2023-08-24T01:33:19.420000,5586.0,7.0,3.0
2023-08-24T01:34:19.572000,5588.0,9.0,2.0
2023-08-24T02:10:18.528000,5591.0,12.0,3.0
2023-08-24T02:14:18.652000,5598.0,19.0,7.0
2023-08-24T02:15:19.082000,5611.0,32.0,13.0
2023-08-24T02:26:19.550000,5614.0,35.0,3.0
2023-08-24T02:27:18.869000,5620.0,41.0,6.0
2023-08-24T02:28:18.872000,5622.0,43.0,2.0
2023-08-24T02:31:19.089000,5634.0,55.0,12.0
2023-08-24T02:32:19.158000,5636.0,57.0,2.0
2023-08-24T02:37:18.867000,5638.0,59.0,2.0
2023-08-24T02:38:19.366000,5644.0,65.0,6.0
2023-08-24T02:39:18.772000,5647.0,68.0,3.0
2023-08-24T02:50:19.480000,5648.0,69.0,1.0
2023-08-24T02:53:18.674000,5657.0,78.0,9.0
2023-08-24T03:10:18.330000,5658.0,79.0,1.0
2023-08-24T06:55:19.281000,5663.0,84.0,5.0
2023-08-24T08:13:18.757000,5678.0,99.0,15.0
2023-08-24T08:43:19.718000,5683.0,104.0,5.0
2023-08-24T08:53:19.518000,5685.0,106.0,2.0
2023-08-24T09:03:18.951000,5693.0,114.0,8.0
2023-08-24T09:13:19.255000,5705.0,126.0,12.0
2023-08-24T09:23:18.614000,5724.0,145.0,19.0
2023-08-24T09:33:19.037000,5729.0,150.0,5.0
2023-08-24T09:53:19.695000,5755.0,176.0,26.0
2023-08-24T10:13:18.371000,5770.0,191.0,15.0
2023-08-24T10:23:18.925000,5786.0,207.0,16.0
2023-08-24T10:33:18.611000,5795.0,216.0,9.0
2023-08-24T10:43:19.203000,5798.0,219.0,3.0
2023-08-24T10:53:18.717000,5831.0,252.0,33.0
2023-08-24T11:03:18.706000,5836.0,257.0,5.0
2023-08-24T11:33:19.267000,5845.0,266.0,9.0
2023-08-24T11:43:18.941000,5852.0,273.0,7.0
2023-08-24T12:13:19.051000,5853.0,274.0,1.0
2023-08-24T13:03:18.617000,5856.0,277.0,3.0
2023-08-24T13:13:18.568000,5855.0,276.0,-1.0
2023-08-24T13:33:18.729000,5864.0,285.0,9.0
2023-08-24T14:03:19.228000,5888.0,309.0,24.0
2023-08-24T14:13:18.912000,5909.0,330.0,21.0
2023-08-24T14:33:19.323000,5913.0,334.0,4.0
2023-08-24T14:43:20.023000,5918.0,339.0,5.0
2023-08-24T14:53:19.227000,5925.0,346.0,7.0
2023-08-24T15:23:18.532000,5928.0,349.0,3.0
2023-08-24T15:53:19.454000,5952.0,373.0,24.0
2023-08-24T16:33:18.822000,5963.0,384.0,11.0
2023-08-24T17:03:19.591000,5964.0,385.0,1.0
2023-08-24T18:43:18.715000,5982.0,403.0,18.0
2023-08-24T19:03:19.244000,6001.0,422.0,19.0
2023-08-24T19:13:18.431000,6019.0,440.0,18.0
2023-08-24T19:33:19.850000,6022.0,443.0,3.0
2023-08-24T19:53:19.702000,6023.0,444.0,1.0
2023-08-24T20:03:19.119000,6024.0,445.0,1.0
2023-08-24T20:23:18.952000,6027.0,448.0,3.0
2023-08-24T20:53:19.704000,6036.0,457.0,9.0
2023-08-24T21:03:19.617000,6037.0,458.0,1.0
2023-08-24T21:13:19.222000,6077.0,498.0,40.0
2023-08-24T21:23:18.452000,6113.0,534.0,36.0
2023-08-24T21:33:19.546000,6138.0,559.0,25.0
2023-08-24T21:43:18.717000,6168.0,589.0,30.0
2023-08-24T22:03:18.852000,6186.0,607.0,18.0
2023-08-24T22:13:21.797000,6211.0,632.0,25.0
2023-08-24T22:23:18.750000,6251.0,672.0,40.0
2023-08-24T22:28:03.451000,6268.0,689.0,17.0
2023-08-24T22:30:06.299000,6269.0,690.0,1.0
2023-08-24T22:33:18.520000,6270.0,691.0,1.0
2023-08-25T02:11:53.340000,6364.0,785.0,94.0
2023-08-25T02:23:19.328000,6366.0,787.0,2.0
2023-08-25T02:33:19.046000,6367.0,788.0,1.0
2023-08-25T02:53:19.217000,6370.0,791.0,3.0
2023-08-25T03:03:19.169000,6372.0,793.0,2.0
2023-08-25T04:13:19.115000,6373.0,794.0,1.0
2023-08-25T07:23:19.155000,6389.0,810.0,16.0
2023-08-25T08:33:18.823000,6391.0,812.0,2.0
2023-08-25T09:03:18.926000,6403.0,824.0,12.0
2023-08-25T09:13:18.519000,6419.0,840.0,16.0
2023-08-25T09:23:19.056000,6421.0,842.0,2.0
2023-08-25T09:33:18.852000,6425.0,846.0,4.0
2023-08-25T09:43:19.042000,6426.0,847.0,1.0
2023-08-25T09:53:19.174000,6433.0,854.0,7.0
2023-08-25T10:03:19.049000,6435.0,856.0,2.0
2023-08-25T10:13:18.948000,6449.0,870.0,14.0
2023-08-25T10:23:18.911000,6458.0,879.0,9.0
2023-08-25T10:33:18.952000,6513.0,934.0,55.0
2023-08-25T10:43:19.444000,6544.0,965.0,31.0
2023-08-25T10:53:19.362000,6551.0,972.0,7.0
2023-08-25T11:03:20.237000,6555.0,976.0,4.0
2023-08-25T11:13:18.900000,6556.0,977.0,1.0
2023-08-25T11:43:18.958000,6569.0,990.0,13.0
2023-08-25T11:53:18.763000,6571.0,992.0,2.0
2023-08-25T12:03:19.067000,6575.0,996.0,4.0
2023-08-25T12:13:18.673000,6576.0,997.0,1.0
2023-08-25T12:43:19.147000,6578.0,999.0,2.0
2023-08-25T13:03:19.187000,6582.0,1003.0,4.0
2023-08-25T13:13:18.989000,6591.0,1012.0,9.0
2023-08-25T13:33:19.441000,6592.0,1013.0,1.0
2023-08-25T13:43:18.798000,6603.0,1024.0,11.0
2023-08-25T13:53:18.778000,6617.0,1038.0,14.0
2023-08-25T14:13:19.231000,6619.0,1040.0,2.0
2023-08-25T14:33:19.596000,6624.0,1045.0,5.0
2023-08-25T14:43:18.616000,6625.0,1046.0,1.0
2023-08-25T14:53:19.271000,6627.0,1048.0,2.0
2023-08-25T16:13:19.451000,6637.0,1058.0,10.0
2023-08-25T16:43:19.187000,6636.0,1057.0,-1.0
2023-08-25T16:53:19.200000,6642.0,1063.0,6.0
2023-08-25T17:03:19.208000,6655.0,1076.0,13.0
2023-08-25T17:33:19.326000,6656.0,1077.0,1.0
2023-08-25T18:33:19.309000,6664.0,1085.0,8.0
2023-08-25T18:43:18.618000,6666.0,1087.0,2.0
2023-08-25T18:53:19.048000,6667.0,1088.0,1.0
2023-08-25T19:13:18.542000,6668.0,1089.0,1.0
2023-08-25T19:33:19.028000,6670.0,1091.0,2.0
2023-08-25T19:43:25.062000,6683.0,1104.0,13.0
2023-08-25T20:13:19.394000,6716.0,1137.0,33.0
2023-08-25T20:23:19.527000,6731.0,1152.0,15.0
2023-08-25T20:33:18.766000,6730.0,1151.0,-1.0
2023-08-25T20:43:18.869000,6731.0,1152.0,1.0
2023-08-25T20:53:18.852000,6732.0,1153.0,1.0
2023-08-25T21:13:18.985000,6733.0,1154.0,1.0
2023-08-25T21:23:19.973000,6736.0,1157.0,3.0
2023-08-25T21:33:19.557000,6762.0,1183.0,26.0
2023-08-25T21:43:20.037000,6766.0,1187.0,4.0
2023-08-25T21:53:19.378000,6776.0,1197.0,10.0
2023-08-25T22:03:19.169000,6779.0,1200.0,3.0
2023-08-25T22:13:18.865000,6789.0,1210.0,10.0
2023-08-25T22:23:19.023000,6823.0,1244.0,34.0
2023-08-25T22:33:19.428000,6833.0,1254.0,10.0
2023-08-25T22:43:19.123000,6835.0,1256.0,2.0
2023-08-25T22:53:18.642000,6842.0,1263.0,7.0
2023-08-25T23:03:20.121000,6844.0,1265.0,2.0
2023-08-25T23:13:18.917000,6853.0,1274.0,9.0
2023-08-25T23:23:18.908000,6864.0,1285.0,11.0
2023-08-25T23:33:19.580000,6870.0,1291.0,6.0
2023-08-25T23:43:20.871000,6879.0,1300.0,9.0
2023-08-25T23:53:21.217000,6882.0,1303.0,3.0
2023-08-26T00:03:19.710000,6889.0,1310.0,7.0
2023-08-26T00:13:18.650000,6902.0,1323.0,13.0
2023-08-26T00:23:19.206000,6905.0,1326.0,3.0
2023-08-26T00:33:19.323000,6917.0,1338.0,12.0
2023-08-26T00:43:19.426000,6934.0,1355.0,17.0
2023-08-26T00:53:18.672000,6942.0,1363.0,8.0
2023-08-26T01:03:19.109000,6945.0,1366.0,3.0
2023-08-26T01:13:18.880000,6951.0,1372.0,6.0
2023-08-26T01:23:19.086000,6960.0,1381.0,9.0
2023-08-26T01:33:18.585000,6962.0,1383.0,2.0
2023-08-26T01:43:19.033000,6963.0,1384.0,1.0
2023-08-26T01:53:21.721000,6964.0,1385.0,1.0
2023-08-26T02:03:19.207000,6965.0,1386.0,1.0
2023-08-26T02:23:18.996000,6966.0,1387.0,1.0
2023-08-26T03:13:18.772000,6967.0,1388.0,1.0
2023-08-26T04:53:18.726000,6968.0,1389.0,1.0
2023-08-26T07:43:18.969000,6969.0,1390.0,1.0
2023-08-26T08:03:19.866000,6970.0,1391.0,1.0
2023-08-26T09:23:18.779000,6971.0,1392.0,1.0
2023-08-26T10:33:18.947000,6972.0,1393.0,1.0
2023-08-26T11:53:18.464000,6982.0,1403.0,10.0
2023-08-26T12:03:18.658000,6986.0,1407.0,4.0
2023-08-26T12:13:18.545000,6991.0,1412.0,5.0
2023-08-26T12:23:18.455000,6992.0,1413.0,1.0
2023-08-26T12:33:18.591000,6993.0,1414.0,1.0
2023-08-26T12:43:18.597000,6994.0,1415.0,1.0
2023-08-26T12:53:18.922000,6995.0,1416.0,1.0
2023-08-26T13:03:18.752000,6998.0,1419.0,3.0
2023-08-26T13:23:19.011000,7000.0,1421.0,2.0
2023-08-26T13:33:18.873000,7002.0,1423.0,2.0
2023-08-26T13:43:19.136000,7003.0,1424.0,1.0
2023-08-26T13:53:18.559000,7006.0,1427.0,3.0
2023-08-26T14:03:19.101000,7007.0,1428.0,1.0
2023-08-26T14:13:18.945000,7010.0,1431.0,3.0
2023-08-26T14:23:18.560000,7014.0,1435.0,4.0
2023-08-26T14:33:18.903000,7017.0,1438.0,3.0
2023-08-26T14:43:19.044000,7023.0,1444.0,6.0
2023-08-26T14:53:19.122000,7024.0,1445.0,1.0
2023-08-26T15:13:18.914000,7029.0,1450.0,5.0
2023-08-26T15:23:18.890000,7033.0,1454.0,4.0
2023-08-26T15:33:18.837000,7037.0,1458.0,4.0
2023-08-26T15:43:18.764000,7039.0,1460.0,2.0
2023-08-26T15:53:18.529000,7042.0,1463.0,3.0
2023-08-26T16:33:18.991000,7044.0,1465.0,2.0
2023-08-26T16:43:19.716000,7050.0,1471.0,6.0
2023-08-26T16:53:19.014000,7051.0,1472.0,1.0
2023-08-26T17:13:19.271000,7052.0,1473.0,1.0
2023-08-26T17:33:19.463000,7056.0,1477.0,4.0
2023-08-26T17:43:18.764000,7064.0,1485.0,8.0
2023-08-26T17:55:42.020000,7065.0,1486.0,1.0
2023-08-26T18:09:24.437000,7067.0,1488.0,2.0
2023-08-26T18:13:18.919000,7068.0,1489.0,1.0
2023-08-26T18:40:38.426000,7070.0,1491.0,2.0
2023-08-26T19:03:19.616000,7071.0,1492.0,1.0
2023-08-26T19:13:19.062000,7072.0,1493.0,1.0
2023-08-26T19:23:18.693000,7078.0,1499.0,6.0
2023-08-26T19:43:19.069000,7079.0,1500.0,1.0
2023-08-26T19:53:19.663000,7083.0,1504.0,4.0
2023-08-26T20:13:19.132000,7087.0,1508.0,4.0
2023-08-26T20:53:19.500000,7091.0,1512.0,4.0
2023-08-26T21:03:19.232000,7095.0,1516.0,4.0
2023-08-26T21:13:18.720000,7096.0,1517.0,1.0
2023-08-26T21:43:18.890000,7099.0,1520.0,3.0
2023-08-26T21:53:19.193000,7100.0,1521.0,1.0
2023-08-26T22:23:19.336000,7101.0,1522.0,1.0
2023-08-26T22:33:19.302000,7102.0,1523.0,1.0
2023-08-26T22:43:18.488000,7115.0,1536.0,13.0
2023-08-26T22:53:18.904000,7118.0,1539.0,3.0
2023-08-26T23:03:19.329000,7119.0,1540.0,1.0
2023-08-26T23:23:18.589000,7126.0,1547.0,7.0
2023-08-26T23:33:18.487000,7127.0,1548.0,1.0
2023-08-26T23:53:18.746000,7133.0,1554.0,6.0
2023-08-27T00:03:18.666000,7135.0,1556.0,2.0
2023-08-27T00:13:18.737000,7151.0,1572.0,16.0
2023-08-27T00:23:18.659000,7154.0,1575.0,3.0
2023-08-27T00:43:19.489000,7156.0,1577.0,2.0
2023-08-27T00:53:19.079000,7157.0,1578.0,1.0
2023-08-27T01:53:19.214000,7158.0,1579.0,1.0
2023-08-27T02:03:18.986000,7161.0,1582.0,3.0
2023-08-27T02:13:18.801000,7162.0,1583.0,1.0
2023-08-27T02:23:18.978000,7165.0,1586.0,3.0
2023-08-27T02:33:19.179000,7167.0,1588.0,2.0
2023-08-27T02:43:18.929000,7169.0,1590.0,2.0
2023-08-27T02:53:18.502000,7190.0,1611.0,21.0
2023-08-27T03:03:18.940000,7191.0,1612.0,1.0
2023-08-27T03:23:19.304000,7192.0,1613.0,1.0
2023-08-27T03:33:19.503000,7193.0,1614.0,1.0
2023-08-27T07:13:18.876000,7207.0,1628.0,14.0
2023-08-27T08:03:19.014000,7212.0,1633.0,5.0
2023-08-27T08:43:18.925000,7217.0,1638.0,5.0
2023-08-27T09:03:18.522000,7222.0,1643.0,5.0
2023-08-27T09:43:18.633000,7232.0,1653.0,10.0
2023-08-27T09:53:20.858000,7237.0,1658.0,5.0
2023-08-27T10:03:19.127000,7238.0,1659.0,1.0
2023-08-27T10:13:18.516000,7240.0,1661.0,2.0
2023-08-27T10:23:18.783000,7241.0,1662.0,1.0
2023-08-27T10:43:18.718000,7242.0,1663.0,1.0
2023-08-27T11:03:18.959000,7244.0,1665.0,2.0
2023-08-27T11:13:18.732000,7246.0,1667.0,2.0
2023-08-27T11:23:18.529000,7249.0,1670.0,3.0
2023-08-27T11:33:18.659000,7252.0,1673.0,3.0
2023-08-27T11:43:18.840000,7258.0,1679.0,6.0
2023-08-27T11:53:18.346000,7259.0,1680.0,1.0
2023-08-27T12:03:18.880000,7261.0,1682.0,2.0
2023-08-27T12:13:18.754000,7264.0,1685.0,3.0
2023-08-27T12:23:18.715000,7265.0,1686.0,1.0
2023-08-27T12:33:18.509000,7266.0,1687.0,1.0
2023-08-27T12:43:19.100000,7269.0,1690.0,3.0
2023-08-27T12:53:18.410000,7268.0,1689.0,-1.0
2023-08-27T13:23:18.463000,7270.0,1691.0,2.0
2023-08-27T13:33:18.665000,7271.0,1692.0,1.0
2023-08-27T13:43:18.623000,7272.0,1693.0,1.0
2023-08-27T13:53:19.064000,7281.0,1702.0,9.0
2023-08-27T14:13:18.604000,7282.0,1703.0,1.0
2023-08-27T14:43:19.100000,7283.0,1704.0,1.0
2023-08-27T14:53:18.487000,7285.0,1706.0,2.0
2023-08-27T15:03:18.464000,7289.0,1710.0,4.0
2023-08-27T15:13:18.620000,7291.0,1712.0,2.0
2023-08-27T15:43:18.587000,7313.0,1734.0,22.0
2023-08-27T15:53:18.477000,7319.0,1740.0,6.0
2023-08-27T16:03:19.978000,7326.0,1747.0,7.0
2023-08-27T16:13:19.491000,7329.0,1750.0,3.0
2023-08-27T16:23:18.661000,7336.0,1757.0,7.0
2023-08-27T16:33:18.678000,7337.0,1758.0,1.0
2023-08-27T16:43:18.906000,7341.0,1762.0,4.0
2023-08-27T16:53:18.284000,7342.0,1763.0,1.0
2023-08-27T17:03:18.772000,7347.0,1768.0,5.0
2023-08-27T17:13:18.890000,7354.0,1775.0,7.0
2023-08-27T17:33:19.254000,7357.0,1778.0,3.0
2023-08-27T17:43:18.385000,7374.0,1795.0,17.0
2023-08-27T17:53:18.618000,7377.0,1798.0,3.0
2023-08-27T18:03:18.890000,7379.0,1800.0,2.0
2023-08-27T18:23:18.956000,7380.0,1801.0,1.0
2023-08-27T18:33:19.597000,7382.0,1803.0,2.0
2023-08-27T18:43:18.806000,7383.0,1804.0,1.0
2023-08-27T19:03:18.484000,7386.0,1807.0,3.0
2023-08-27T19:13:18.952000,7389.0,1810.0,3.0
2023-08-27T19:23:18.885000,7399.0,1820.0,10.0
2023-08-27T19:33:18.814000,7403.0,1824.0,4.0
2023-08-27T19:43:18.377000,7410.0,1831.0,7.0
2023-08-27T19:53:18.901000,7412.0,1833.0,2.0
2023-08-27T20:33:18.959000,7413.0,1834.0,1.0
2023-08-27T20:43:18.426000,7421.0,1842.0,8.0
2023-08-27T20:53:18.996000,7438.0,1859.0,17.0
2023-08-27T21:03:18.866000,7439.0,1860.0,1.0
2023-08-27T21:13:20.219000,7440.0,1861.0,1.0
2023-08-27T21:23:18.471000,7442.0,1863.0,2.0
2023-08-27T21:33:18.590000,7446.0,1867.0,4.0
2023-08-27T21:43:18.686000,7447.0,1868.0,1.0
2023-08-27T21:53:18.724000,7453.0,1874.0,6.0
2023-08-27T22:03:18.936000,7455.0,1876.0,2.0
2023-08-27T22:13:19.011000,7468.0,1889.0,13.0
2023-08-27T22:23:18.828000,7477.0,1898.0,9.0
2023-08-27T22:33:18.989000,7480.0,1901.0,3.0
2023-08-27T22:43:18.619000,7491.0,1912.0,11.0
2023-08-27T22:53:18.853000,7517.0,1938.0,26.0
2023-08-27T23:03:18.773000,7528.0,1949.0,11.0
2023-08-27T23:13:18.286000,7543.0,1964.0,15.0
2023-08-27T23:23:18.884000,7556.0,1977.0,13.0
2023-08-27T23:33:18.598000,7573.0,1994.0,17.0
2023-08-27T23:43:18.485000,7598.0,2019.0,25.0
2023-08-27T23:53:19.107000,7619.0,2040.0,21.0
2023-08-28T00:03:18.784000,7642.0,2063.0,23.0
2023-08-28T00:13:18.984000,7756.0,2177.0,114.0
2023-08-28T00:23:19.366000,7858.0,2279.0,102.0
2023-08-28T00:33:18.965000,7890.0,2311.0,32.0
2023-08-28T00:43:19.063000,7892.0,2313.0,2.0
2023-08-28T00:53:18.554000,7917.0,2338.0,25.0
2023-08-28T01:03:18.893000,7945.0,2366.0,28.0
2023-08-28T01:13:18.492000,7972.0,2393.0,27.0
2023-08-28T01:23:18.653000,7987.0,2408.0,15.0
2023-08-28T01:33:18.748000,7992.0,2413.0,5.0
2023-08-28T01:43:18.652000,7995.0,2416.0,3.0
2023-08-28T01:53:18.893000,7994.0,2415.0,-1.0
2023-08-28T02:03:18.445000,8025.0,2446.0,31.0
2023-08-28T02:13:18.666000,8027.0,2448.0,2.0
2023-08-28T02:33:18.812000,8048.0,2469.0,21.0
2023-08-28T02:53:19.084000,8050.0,2471.0,2.0
2023-08-28T03:03:18.970000,8051.0,2472.0,1.0
2023-08-28T03:13:18.573000,8053.0,2474.0,2.0
2023-08-28T03:23:18.704000,8054.0,2475.0,1.0
2023-08-28T05:13:18.586000,8055.0,2476.0,1.0
2023-08-28T05:23:18.690000,8060.0,2481.0,5.0
2023-08-28T06:53:18.822000,8061.0,2482.0,1.0
2023-08-28T07:03:18.890000,8074.0,2495.0,13.0
2023-08-28T07:13:19.620000,8082.0,2503.0,8.0
2023-08-28T07:43:18.802000,8083.0,2504.0,1.0
2023-08-28T08:13:19.037000,8085.0,2506.0,2.0
2023-08-28T08:23:18.504000,8090.0,2511.0,5.0
2023-08-28T08:33:18.667000,8105.0,2526.0,15.0
2023-08-28T08:43:18.604000,8114.0,2535.0,9.0
2023-08-28T08:53:18.459000,8116.0,2537.0,2.0
2023-08-28T09:43:19.296000,8118.0,2539.0,2.0
2023-08-28T09:53:18.567000,8121.0,2542.0,3.0
2023-08-28T10:23:18.589000,8126.0,2547.0,5.0
2023-08-28T10:33:18.645000,8129.0,2550.0,3.0
2023-08-28T10:43:18.420000,8130.0,2551.0,1.0
2023-08-28T11:03:18.389000,8131.0,2552.0,1.0
2023-08-28T11:23:18.699000,8140.0,2561.0,9.0
2023-08-28T11:33:18.466000,8170.0,2591.0,30.0
2023-08-28T11:43:18.690000,8178.0,2599.0,8.0
2023-08-28T11:53:18.408000,8193.0,2614.0,15.0
2023-08-28T12:03:18.752000,8204.0,2625.0,11.0
2023-08-28T12:13:18.707000,8206.0,2627.0,2.0
2023-08-28T12:23:18.576000,8214.0,2635.0,8.0
2023-08-28T12:33:20.765000,8216.0,2637.0,2.0
2023-08-28T12:43:18.495000,8221.0,2642.0,5.0
2023-08-28T12:53:18.377000,8224.0,2645.0,3.0
2023-08-28T13:03:19.224000,8225.0,2646.0,1.0
2023-08-28T13:23:18.658000,8227.0,2648.0,2.0
2023-08-28T13:43:19.410000,8228.0,2649.0,1.0
2023-08-28T14:23:18.911000,8224.0,2645.0,-4.0
2023-08-28T14:33:18.849000,8229.0,2650.0,5.0
2023-08-28T14:43:18.286000,8241.0,2662.0,12.0
2023-08-28T14:53:19.250000,8242.0,2663.0,1.0
2023-08-28T15:23:18.457000,8256.0,2677.0,14.0
2023-08-28T15:33:18.883000,8258.0,2679.0,2.0
2023-08-28T15:43:18.364000,8260.0,2681.0,2.0
2023-08-28T15:53:18.692000,8262.0,2683.0,2.0
2023-08-28T16:13:18.720000,8280.0,2701.0,18.0
2023-08-28T16:23:18.259000,8285.0,2706.0,5.0
2023-08-28T16:33:18.462000,8287.0,2708.0,2.0
2023-08-28T16:43:18.920000,8293.0,2714.0,6.0
2023-08-28T16:53:18.373000,8296.0,2717.0,3.0
2023-08-28T17:23:18.458000,8297.0,2718.0,1.0
2023-08-28T18:03:18.630000,8306.0,2727.0,9.0
2023-08-28T18:33:25.128000,8308.0,2729.0,2.0
2023-08-28T18:53:19.151000,8309.0,2730.0,1.0
2023-08-28T19:03:18.723000,8324.0,2745.0,15.0
2023-08-28T19:13:19.063000,8323.0,2744.0,-1.0
2023-08-28T19:43:18.842000,8333.0,2754.0,10.0
2023-08-28T21:23:20.089000,8336.0,2757.0,3.0
2023-08-28T21:43:18.821000,8337.0,2758.0,1.0
2023-08-28T21:53:21.397000,8338.0,2759.0,1.0
2023-08-28T22:23:19.285000,8339.0,2760.0,1.0
2023-08-28T22:33:19.148000,8340.0,2761.0,1.0
2023-08-28T22:43:20.497000,8342.0,2763.0,2.0
2023-08-28T22:53:19.380000,8343.0,2764.0,1.0
2023-08-28T23:03:18.713000,8344.0,2765.0,1.0
2023-08-28T23:12:11.717000,8345.0,2766.0,1.0
2023-08-28T23:33:18.792000,8348.0,2769.0,3.0
2023-08-28T23:43:19.348000,8350.0,2771.0,2.0
2023-08-29T00:03:20.485000,8351.0,2772.0,1.0
2023-08-29T00:13:18.513000,8354.0,2775.0,3.0
2023-08-29T01:03:18.685000,8355.0,2776.0,1.0
2023-08-29T01:23:19.323000,8356.0,2777.0,1.0
2023-08-29T01:53:19.284000,8357.0,2778.0,1.0
2023-08-29T02:03:19.047000,8358.0,2779.0,1.0
2023-08-29T02:33:19.269000,8360.0,2781.0,2.0
2023-08-29T03:43:19.243000,8361.0,2782.0,1.0
2023-08-29T04:53:18.848000,8362.0,2783.0,1.0
2023-08-29T10:11:08.688000,8363.0,2784.0,1.0
2023-08-29T10:13:18.943000,8362.0,2783.0,-1.0
2023-08-29T10:43:18.872000,8363.0,2784.0,1.0
2023-08-29T11:03:19.325000,8365.0,2786.0,2.0
2023-08-29T11:13:19.148000,8366.0,2787.0,1.0
2023-08-29T11:23:19.280000,8369.0,2790.0,3.0
2023-08-29T11:43:18.496000,8371.0,2792.0,2.0
2023-08-29T12:03:19.066000,8373.0,2794.0,2.0
2023-08-29T12:13:18.943000,8374.0,2795.0,1.0
2023-08-29T12:23:18.803000,8375.0,2796.0,1.0
2023-08-29T12:33:19.454000,8376.0,2797.0,1.0
2023-08-29T13:53:18.856000,8378.0,2799.0,2.0
2023-08-29T14:53:18.709000,8379.0,2800.0,1.0
2023-08-29T15:33:19.265000,8380.0,2801.0,1.0
2023-08-29T15:53:18.894000,8386.0,2807.0,6.0
2023-08-29T16:43:18.763000,8388.0,2809.0,2.0
2023-08-29T17:13:19.017000,8389.0,2810.0,1.0
2023-08-29T17:43:18.958000,8390.0,2811.0,1.0
2023-08-29T17:53:19.002000,8391.0,2812.0,1.0
2023-08-29T18:03:19.109000,8399.0,2820.0,8.0
2023-08-29T18:23:18.816000,8400.0,2821.0,1.0
2023-08-29T18:33:18.765000,8402.0,2823.0,2.0
2023-08-29T18:43:19.334000,8401.0,2822.0,-1.0
2023-08-29T18:53:20.019000,8402.0,2823.0,1.0
2023-08-29T19:03:19.438000,8403.0,2824.0,1.0
2023-08-29T19:13:19.293000,8404.0,2825.0,1.0
2023-08-29T19:23:18.966000,8405.0,2826.0,1.0
2023-08-29T19:33:18.860000,8406.0,2827.0,1.0
2023-08-29T19:43:18.803000,8409.0,2830.0,3.0
2023-08-29T20:13:19.015000,8410.0,2831.0,1.0
2023-08-29T20:23:21.572000,8414.0,2835.0,4.0
2023-08-29T20:33:18.610000,8417.0,2838.0,3.0
2023-08-29T20:43:18.617000,8418.0,2839.0,1.0
2023-08-29T21:23:18.963000,8420.0,2841.0,2.0
2023-08-29T21:43:18.875000,8421.0,2842.0,1.0
2023-08-29T21:53:18.671000,8422.0,2843.0,1.0
2023-08-29T22:03:19.211000,8421.0,2842.0,-1.0
2023-08-29T22:13:19.255000,8424.0,2845.0,3.0
2023-08-29T22:23:19.822000,8425.0,2846.0,1.0
2023-08-29T22:43:18.861000,8426.0,2847.0,1.0
2023-08-29T22:53:20.480000,8428.0,2849.0,2.0
2023-08-29T23:03:19.006000,8430.0,2851.0,2.0
2023-08-29T23:13:19.425000,8435.0,2856.0,5.0
2023-08-29T23:23:19.321000,8438.0,2859.0,3.0
2023-08-29T23:33:19.003000,8439.0,2860.0,1.0
2023-08-29T23:43:18.760000,8445.0,2866.0,6.0
2023-08-29T23:52:16.705000,8449.0,2870.0,4.0
2023-08-30T00:03:19.763000,8451.0,2872.0,2.0
2023-08-30T00:13:18.767000,8452.0,2873.0,1.0
2023-08-30T00:23:19.432000,8454.0,2875.0,2.0
2023-08-30T00:33:26.317000,8447.0,2868.0,-7.0
2023-08-30T00:43:18.877000,8448.0,2869.0,1.0
2023-08-30T00:53:19.220000,8449.0,2870.0,1.0
2023-08-30T01:23:19.108000,8450.0,2871.0,1.0
2023-08-30T02:33:18.875000,8454.0,2875.0,4.0
2023-08-30T03:33:19.070000,8455.0,2876.0,1.0
2023-08-30T03:43:19.218000,8457.0,2878.0,2.0
2023-08-30T03:53:18.527000,8458.0,2879.0,1.0
2023-08-30T04:13:22.443000,8460.0,2881.0,2.0
2023-08-30T04:23:19.135000,8461.0,2882.0,1.0
2023-08-30T04:43:19.064000,8462.0,2883.0,1.0
2023-08-30T04:53:19.252000,8463.0,2884.0,1.0
2023-08-30T09:53:18.887000,8465.0,2886.0,2.0
2023-08-30T10:43:19.064000,8466.0,2887.0,1.0
2023-08-30T11:43:20.263000,8468.0,2889.0,2.0
2023-08-30T12:13:19.706000,8470.0,2891.0,2.0
2023-08-30T12:33:19.456000,8472.0,2893.0,2.0
2023-08-30T12:53:20.163000,8473.0,2894.0,1.0
2023-08-30T13:33:23.256000,8494.0,2915.0,21.0
2023-08-30T13:43:18.899000,8502.0,2923.0,8.0
2023-08-30T14:03:18.989000,8503.0,2924.0,1.0
2023-08-30T14:33:21.637000,8504.0,2925.0,1.0
2023-08-30T15:33:18.598000,8506.0,2927.0,2.0
2023-08-30T15:43:18.705000,8507.0,2928.0,1.0
2023-08-30T15:53:19.252000,8508.0,2929.0,1.0
2023-08-30T16:23:18.601000,8515.0,2936.0,7.0
2023-08-30T16:43:19.156000,8517.0,2938.0,2.0
2023-08-30T16:53:18.900000,8508.0,2929.0,-9.0
2023-08-30T17:23:18.739000,8511.0,2932.0,3.0
2023-08-30T17:43:19.072000,8514.0,2935.0,3.0
2023-08-30T17:53:18.975000,8516.0,2937.0,2.0
2023-08-30T18:03:18.785000,8518.0,2939.0,2.0
2023-08-30T18:13:18.879000,8519.0,2940.0,1.0
2023-08-30T18:23:19.515000,8520.0,2941.0,1.0
2023-08-30T18:33:18.664000,8524.0,2945.0,4.0
2023-08-30T18:43:19.918000,8528.0,2949.0,4.0
2023-08-30T18:53:19.190000,8536.0,2957.0,8.0
2023-08-30T19:03:18.989000,8537.0,2958.0,1.0
2023-08-30T19:23:19.590000,8542.0,2963.0,5.0
2023-08-30T19:33:19.758000,8545.0,2966.0,3.0
2023-08-30T19:43:19.198000,8546.0,2967.0,1.0
2023-08-30T19:53:19.118000,8550.0,2971.0,4.0
2023-08-30T20:23:19.060000,8553.0,2974.0,3.0
2023-08-30T20:43:18.929000,8554.0,2975.0,1.0
2023-08-30T20:53:18.627000,8555.0,2976.0,1.0
2023-08-30T21:23:19.220000,8556.0,2977.0,1.0
2023-08-30T21:33:19.142000,8558.0,2979.0,2.0
2023-08-30T22:13:19.331000,8562.0,2983.0,4.0
2023-08-30T22:53:18.792000,8564.0,2985.0,2.0
2023-08-31T00:03:19.027000,8566.0,2987.0,2.0
2023-08-31T01:03:18.799000,8573.0,2994.0,7.0
2023-08-31T01:23:18.566000,8575.0,2996.0,2.0
2023-08-31T03:43:18.791000,8577.0,2998.0,2.0
2023-08-31T08:53:18.852000,8580.0,3001.0,3.0
2023-08-31T09:03:19.170000,8581.0,3002.0,1.0
2023-08-31T09:23:19.127000,8582.0,3003.0,1.0
2023-08-31T09:28:52.927000,8583.0,3004.0,1.0
2023-08-31T09:33:21.638000,8582.0,3003.0,-1.0
2023-08-31T09:43:19.218000,8584.0,3005.0,2.0
2023-08-31T09:53:18.804000,8581.0,3002.0,-3.0
2023-08-31T10:03:19.073000,8578.0,2999.0,-3.0
2023-08-31T10:23:18.847000,8581.0,3002.0,3.0
2023-08-31T10:33:18.944000,8580.0,3001.0,-1.0
2023-08-31T10:43:18.621000,8583.0,3004.0,3.0
2023-08-31T11:03:19.658000,8584.0,3005.0,1.0
2023-08-31T11:13:18.847000,8585.0,3006.0,1.0
2023-08-31T11:23:19.694000,8587.0,3008.0,2.0
2023-08-31T11:53:18.851000,8588.0,3009.0,1.0
2023-08-31T12:03:18.556000,8590.0,3011.0,2.0
2023-08-31T12:33:19.570000,8592.0,3013.0,2.0
2023-08-31T13:13:18.961000,8594.0,3015.0,2.0
2023-08-31T14:03:19.460000,8595.0,3016.0,1.0
2023-08-31T14:43:19.440000,8579.0,3000.0,-16.0
2023-08-31T20:03:19.290000,8581.0,3002.0,2.0
2023-08-31T20:33:19.032000,8580.0,3001.0,-1.0
2023-08-31T21:13:19.191000,8581.0,3002.0,1.0
2023-08-31T21:33:18.827000,8578.0,2999.0,-3.0
2023-08-31T21:43:19.553000,8575.0,2996.0,-3.0
2023-08-31T21:53:19.768000,8554.0,2975.0,-21.0
2023-08-31T22:03:18.996000,8563.0,2984.0,9.0
2023-08-31T22:30:46.929000,8562.0,2983.0,-1.0
2023-08-31T22:36:08.867000,8560.0,2981.0,-2.0
2023-08-31T23:13:18.982000,8547.0,2968.0,-13.0
2023-08-31T23:23:18.810000,8548.0,2969.0,1.0
2023-08-31T23:43:19.330000,8550.0,2971.0,2.0
2023-09-01T00:13:20.350000,8547.0,2968.0,-3.0
2023-09-01T00:23:19.348000,8546.0,2967.0,-1.0
2023-09-01T00:53:18.654000,8542.0,2963.0,-4.0
2023-09-01T01:13:18.677000,8543.0,2964.0,1.0
2023-09-01T01:33:19.651000,8545.0,2966.0,2.0
2023-09-01T01:43:19.661000,8548.0,2969.0,3.0
2023-09-01T02:23:18.590000,8549.0,2970.0,1.0
2023-09-01T02:43:19.600000,8551.0,2972.0,2.0
2023-09-01T04:03:19.049000,8550.0,2971.0,-1.0
2023-09-01T04:13:18.771000,8551.0,2972.0,1.0
2023-09-01T07:53:18.902000,8550.0,2971.0,-1.0
2023-09-01T08:03:19.200000,8551.0,2972.0,1.0
2023-09-01T08:53:19.902000,8550.0,2971.0,-1.0
2023-09-01T09:03:19.015000,8547.0,2968.0,-3.0
2023-09-01T09:13:19.189000,8543.0,2964.0,-4.0
2023-09-01T09:23:18.639000,8548.0,2969.0,5.0
2023-09-01T09:33:19.026000,8549.0,2970.0,1.0
2023-09-01T09:43:19.026000,8550.0,2971.0,1.0
2023-09-01T09:53:18.924000,8556.0,2977.0,6.0
2023-09-01T10:03:18.399000,8569.0,2990.0,13.0
2023-09-01T10:13:18.699000,8575.0,2996.0,6.0
2023-09-01T10:33:19.093000,8579.0,3000.0,4.0
2023-09-01T10:53:18.709000,8581.0,3002.0,2.0
2023-09-01T11:03:18.921000,8584.0,3005.0,3.0
2023-09-01T11:13:18.785000,8586.0,3007.0,2.0
2023-09-01T11:23:18.820000,8588.0,3009.0,2.0
2023-09-01T11:33:18.972000,8593.0,3014.0,5.0
2023-09-01T11:43:21.372000,8598.0,3019.0,5.0
2023-09-01T11:53:18.715000,8599.0,3020.0,1.0
2023-09-01T12:03:19.061000,8604.0,3025.0,5.0
2023-09-01T12:33:19.296000,8605.0,3026.0,1.0
2023-09-01T12:53:18.613000,8611.0,3032.0,6.0
2023-09-01T13:03:19.486000,8612.0,3033.0,1.0
2023-09-01T13:13:18.889000,8615.0,3036.0,3.0
2023-09-01T13:53:20.417000,8613.0,3034.0,-2.0
2023-09-01T14:23:18.720000,8616.0,3037.0,3.0
2023-09-01T14:43:18.964000,8612.0,3033.0,-4.0
2023-09-01T14:53:18.841000,8613.0,3034.0,1.0
2023-09-01T15:13:19.130000,8614.0,3035.0,1.0
2023-09-01T15:43:18.882000,8616.0,3037.0,2.0
2023-09-01T15:44:09.579000,8614.0,3035.0,-2.0
2023-09-01T16:53:18.691000,8616.0,3037.0,2.0
2023-09-01T18:03:18.696000,8621.0,3042.0,5.0
2023-09-01T18:23:18.793000,8623.0,3044.0,2.0
2023-09-01T18:33:18.560000,8628.0,3049.0,5.0
2023-09-01T18:43:19.055000,8630.0,3051.0,2.0
2023-09-01T19:03:23.494000,8632.0,3053.0,2.0
2023-09-01T19:13:19.255000,8633.0,3054.0,1.0
2023-09-01T19:53:18.797000,8639.0,3060.0,6.0
2023-09-01T20:03:19.053000,8640.0,3061.0,1.0
2023-09-01T21:33:19.102000,8643.0,3064.0,3.0
2023-09-01T22:03:18.944000,8644.0,3065.0,1.0
2023-09-01T22:13:19.486000,8643.0,3064.0,-1.0
2023-09-01T22:53:19.222000,8644.0,3065.0,1.0
2023-09-01T23:23:19.064000,8645.0,3066.0,1.0
2023-09-01T23:53:18.653000,8647.0,3068.0,2.0
2023-09-02T01:13:19.064000,8648.0,3069.0,1.0
2023-09-02T01:53:18.946000,8649.0,3070.0,1.0
2023-09-02T02:03:20.135000,8650.0,3071.0,1.0
2023-09-02T02:23:19.032000,8649.0,3070.0,-1.0
2023-09-02T03:13:21.439000,8651.0,3072.0,2.0
2023-09-02T08:33:18.907000,8652.0,3073.0,1.0
2023-09-02T09:13:18.635000,8653.0,3074.0,1.0
2023-09-02T10:23:19.129000,8654.0,3075.0,1.0
2023-09-02T10:53:20.062000,8651.0,3072.0,-3.0
2023-09-02T11:03:18.809000,8652.0,3073.0,1.0
2023-09-02T11:13:18.526000,8653.0,3074.0,1.0
2023-09-02T11:23:18.691000,8655.0,3076.0,2.0
2023-09-02T12:03:18.833000,8657.0,3078.0,2.0
2023-09-02T12:13:18.572000,8658.0,3079.0,1.0
2023-09-02T12:23:19.059000,8659.0,3080.0,1.0
2023-09-02T12:43:19.038000,8663.0,3084.0,4.0
2023-09-02T13:03:19.861000,8665.0,3086.0,2.0
2023-09-02T13:43:18.672000,8666.0,3087.0,1.0
2023-09-02T13:53:18.965000,8668.0,3089.0,2.0
2023-09-02T14:43:18.459000,8669.0,3090.0,1.0
2023-09-02T14:53:18.499000,8670.0,3091.0,1.0
2023-09-02T15:03:18.920000,8672.0,3093.0,2.0
2023-09-02T15:23:19.554000,8673.0,3094.0,1.0
2023-09-02T15:33:18.843000,8675.0,3096.0,2.0
2023-09-02T15:53:18.850000,8676.0,3097.0,1.0
2023-09-02T16:43:18.750000,8678.0,3099.0,2.0
2023-09-02T16:53:18.672000,8682.0,3103.0,4.0
2023-09-02T17:03:19.082000,8683.0,3104.0,1.0
2023-09-02T17:13:18.690000,8685.0,3106.0,2.0
2023-09-02T17:23:19.093000,8689.0,3110.0,4.0
2023-09-02T17:33:18.682000,8690.0,3111.0,1.0
2023-09-02T18:13:18.891000,8693.0,3114.0,3.0
2023-09-02T18:53:19.483000,8694.0,3115.0,1.0
2023-09-02T19:23:18.609000,8696.0,3117.0,2.0
2023-09-02T19:33:19.282000,8697.0,3118.0,1.0
2023-09-02T19:43:18.721000,8698.0,3119.0,1.0
2023-09-02T19:53:18.572000,8700.0,3121.0,2.0
2023-09-02T20:03:18.724000,8701.0,3122.0,1.0
2023-09-02T20:23:19.018000,8702.0,3123.0,1.0
2023-09-02T20:33:18.997000,8703.0,3124.0,1.0
2023-09-02T20:43:18.666000,8707.0,3128.0,4.0
2023-09-02T20:53:18.595000,8709.0,3130.0,2.0
2023-09-02T21:03:18.509000,8710.0,3131.0,1.0
2023-09-02T21:13:18.680000,8711.0,3132.0,1.0
2023-09-02T22:03:19.512000,8714.0,3135.0,3.0
2023-09-02T22:13:18.516000,8716.0,3137.0,2.0
2023-09-02T23:13:18.702000,8718.0,3139.0,2.0
2023-09-02T23:33:18.535000,8719.0,3140.0,1.0
2023-09-02T23:43:18.948000,8721.0,3142.0,2.0
2023-09-03T00:03:18.739000,8722.0,3143.0,1.0
2023-09-03T00:07:56.900000,8725.0,3146.0,3.0
2023-09-03T00:23:18.700000,8726.0,3147.0,1.0
2023-09-03T00:33:18.604000,8727.0,3148.0,1.0
2023-09-03T00:53:18.548000,8732.0,3153.0,5.0
2023-09-03T01:03:19.010000,8733.0,3154.0,1.0
2023-09-03T01:13:18.315000,8735.0,3156.0,2.0
2023-09-03T01:33:19.515000,8737.0,3158.0,2.0
2023-09-03T01:43:18.504000,8738.0,3159.0,1.0
2023-09-03T01:53:18.540000,8740.0,3161.0,2.0
2023-09-03T02:03:18.663000,8744.0,3165.0,4.0
2023-09-03T02:33:19.974000,8745.0,3166.0,1.0
2023-09-03T02:43:18.734000,8747.0,3168.0,2.0
2023-09-03T03:43:18.712000,8748.0,3169.0,1.0
2023-09-03T04:13:18.723000,8749.0,3170.0,1.0
2023-09-03T09:03:18.788000,8750.0,3171.0,1.0
2023-09-03T09:13:19.627000,8751.0,3172.0,1.0
2023-09-03T10:13:18.767000,8752.0,3173.0,1.0
2023-09-03T10:53:18.703000,8753.0,3174.0,1.0
2023-09-03T11:13:19.449000,8757.0,3178.0,4.0
2023-09-03T11:33:18.692000,8764.0,3185.0,7.0
2023-09-03T11:43:18.704000,8770.0,3191.0,6.0
2023-09-03T11:53:19.082000,8774.0,3195.0,4.0
2023-09-03T12:03:18.903000,8777.0,3198.0,3.0
2023-09-03T12:13:18.357000,8778.0,3199.0,1.0
2023-09-03T12:33:18.976000,8782.0,3203.0,4.0
2023-09-03T12:43:18.689000,8785.0,3206.0,3.0
2023-09-03T13:03:18.780000,8787.0,3208.0,2.0
2023-09-03T13:23:18.706000,8789.0,3210.0,2.0
2023-09-03T13:33:18.737000,8790.0,3211.0,1.0
2023-09-03T13:43:19.072000,8794.0,3215.0,4.0
2023-09-03T13:53:18.720000,8796.0,3217.0,2.0
2023-09-03T14:03:18.871000,8794.0,3215.0,-2.0
2023-09-03T14:13:19.768000,8797.0,3218.0,3.0
2023-09-03T14:23:18.529000,8799.0,3220.0,2.0
2023-09-03T15:03:18.865000,8801.0,3222.0,2.0
2023-09-03T15:13:18.905000,8802.0,3223.0,1.0
2023-09-03T15:23:18.590000,8803.0,3224.0,1.0
2023-09-03T15:43:18.489000,8805.0,3226.0,2.0
2023-09-03T16:13:18.521000,8806.0,3227.0,1.0
2023-09-03T16:23:19.217000,8808.0,3229.0,2.0
2023-09-03T16:33:20.335000,8812.0,3233.0,4.0
2023-09-03T16:43:19.789000,8810.0,3231.0,-2.0
2023-09-03T16:53:19.785000,8811.0,3232.0,1.0
2023-09-03T17:03:18.900000,8812.0,3233.0,1.0
2023-09-03T17:53:19.131000,8813.0,3234.0,1.0
2023-09-03T18:13:18.655000,8814.0,3235.0,1.0
2023-09-03T18:23:18.711000,8816.0,3237.0,2.0
2023-09-03T18:28:47.017000,8817.0,3238.0,1.0
2023-09-03T18:43:18.783000,8813.0,3234.0,-4.0
2023-09-03T18:55:12.019000,8814.0,3235.0,1.0
2023-09-03T19:13:18.723000,8815.0,3236.0,1.0
2023-09-03T19:33:18.855000,8816.0,3237.0,1.0
2023-09-03T19:43:19.167000,8814.0,3235.0,-2.0
2023-09-03T19:53:18.858000,8816.0,3237.0,2.0
2023-09-03T20:13:19.013000,8817.0,3238.0,1.0
2023-09-03T20:23:19.236000,8818.0,3239.0,1.0
2023-09-03T20:53:19.082000,8817.0,3238.0,-1.0
2023-09-03T21:23:19.392000,8818.0,3239.0,1.0
2023-09-03T21:53:18.827000,8819.0,3240.0,1.0
2023-09-03T22:03:19.101000,8821.0,3242.0,2.0
2023-09-03T22:13:18.788000,8823.0,3244.0,2.0
2023-09-03T22:33:19.161000,8825.0,3246.0,2.0
2023-09-03T22:53:18.897000,8830.0,3251.0,5.0
2023-09-03T23:13:22.159000,8834.0,3255.0,4.0
2023-09-03T23:43:18.872000,8837.0,3258.0,3.0
2023-09-03T23:53:19.320000,8839.0,3260.0,2.0
2023-09-04T00:03:19.013000,8842.0,3263.0,3.0
2023-09-04T00:13:18.664000,8843.0,3264.0,1.0
2023-09-04T00:23:19.168000,8844.0,3265.0,1.0
2023-09-04T00:33:18.550000,8847.0,3268.0,3.0
2023-09-04T00:43:18.571000,8848.0,3269.0,1.0
2023-09-04T01:03:18.805000,8850.0,3271.0,2.0
2023-09-04T01:13:19.276000,8851.0,3272.0,1.0
2023-09-04T01:23:18.642000,8853.0,3274.0,2.0
2023-09-04T01:33:19.124000,8860.0,3281.0,7.0
2023-09-04T01:53:19.663000,8862.0,3283.0,2.0
2023-09-04T02:03:18.967000,8866.0,3287.0,4.0
2023-09-04T02:23:18.578000,8868.0,3289.0,2.0
2023-09-04T02:43:18.621000,8869.0,3290.0,1.0
2023-09-04T02:53:18.731000,8871.0,3292.0,2.0
2023-09-04T03:13:18.918000,8872.0,3293.0,1.0
2023-09-04T03:53:19.932000,8873.0,3294.0,1.0
2023-09-04T04:23:21.740000,8875.0,3296.0,2.0
2023-09-04T04:43:18.847000,8876.0,3297.0,1.0
2023-09-04T07:33:19.274000,8877.0,3298.0,1.0
2023-09-04T08:53:18.786000,8885.0,3306.0,8.0
2023-09-04T09:23:18.810000,8886.0,3307.0,1.0
2023-09-04T09:53:18.684000,8887.0,3308.0,1.0
2023-09-04T10:13:19.710000,8888.0,3309.0,1.0
2023-09-04T10:43:18.588000,8889.0,3310.0,1.0
2023-09-04T10:53:20.497000,8890.0,3311.0,1.0
2023-09-04T11:23:18.559000,8891.0,3312.0,1.0
2023-09-04T11:33:18.779000,8895.0,3316.0,4.0
2023-09-04T12:13:18.838000,8898.0,3319.0,3.0
2023-09-04T12:23:18.577000,8901.0,3322.0,3.0
2023-09-04T12:33:19.077000,8904.0,3325.0,3.0
2023-09-04T12:53:18.766000,8907.0,3328.0,3.0
2023-09-04T13:23:18.580000,8908.0,3329.0,1.0
2023-09-04T13:43:18.521000,8924.0,3345.0,16.0
2023-09-04T13:53:18.761000,8926.0,3347.0,2.0
2023-09-04T14:03:18.814000,8928.0,3349.0,2.0
2023-09-04T14:23:18.713000,8933.0,3354.0,5.0
2023-09-04T14:43:18.915000,8934.0,3355.0,1.0
2023-09-04T15:03:18.850000,8935.0,3356.0,1.0
2023-09-04T15:23:18.448000,8936.0,3357.0,1.0
2023-09-04T16:03:18.557000,8938.0,3359.0,2.0
2023-09-04T16:23:18.422000,8940.0,3361.0,2.0
2023-09-04T16:33:18.992000,8941.0,3362.0,1.0
2023-09-04T16:43:18.975000,8942.0,3363.0,1.0
2023-09-04T16:53:18.771000,8944.0,3365.0,2.0
2023-09-04T18:33:19.185000,8945.0,3366.0,1.0
2023-09-04T18:39:27.255000,8946.0,3367.0,1.0
2023-09-04T19:23:19.234000,8947.0,3368.0,1.0
2023-09-04T19:33:19.185000,8948.0,3369.0,1.0
2023-09-04T20:13:22.433000,8952.0,3373.0,4.0
2023-09-04T20:53:18.784000,8953.0,3374.0,1.0
2023-09-04T21:03:19.151000,8957.0,3378.0,4.0
2023-09-04T21:23:18.994000,8958.0,3379.0,1.0
2023-09-04T21:43:19.082000,8963.0,3384.0,5.0
2023-09-04T22:13:19.588000,8964.0,3385.0,1.0
2023-09-04T22:23:19.081000,8966.0,3387.0,2.0
2023-09-04T22:43:19.519000,8968.0,3389.0,2.0
2023-09-04T22:48:30.642000,8969.0,3390.0,1.0
2023-09-04T22:53:19.074000,8975.0,3396.0,6.0
2023-09-04T23:13:19.104000,8976.0,3397.0,1.0
2023-09-04T23:23:20.420000,8975.0,3396.0,-1.0
2023-09-04T23:43:18.628000,8977.0,3398.0,2.0
2023-09-04T23:53:18.677000,8979.0,3400.0,2.0
2023-09-05T00:03:18.746000,8978.0,3399.0,-1.0
2023-09-05T00:13:18.788000,8979.0,3400.0,1.0
2023-09-05T00:23:19.453000,8980.0,3401.0,1.0
2023-09-05T00:33:19.309000,8984.0,3405.0,4.0
2023-09-05T00:53:19.047000,8986.0,3407.0,2.0
2023-09-05T01:03:19.395000,8987.0,3408.0,1.0
2023-09-05T01:13:19.427000,8988.0,3409.0,1.0
2023-09-05T01:33:18.891000,8989.0,3410.0,1.0
2023-09-05T01:42:37.611000,8990.0,3411.0,1.0
2023-09-05T02:23:18.945000,8991.0,3412.0,1.0
2023-09-05T02:33:18.557000,8992.0,3413.0,1.0
2023-09-05T02:53:19.272000,8993.0,3414.0,1.0
2023-09-05T03:03:19.344000,8994.0,3415.0,1.0
2023-09-05T10:23:18.595000,8995.0,3416.0,1.0
2023-09-05T10:43:19.228000,8996.0,3417.0,1.0
2023-09-05T11:03:20.578000,8999.0,3420.0,3.0
2023-09-05T11:23:18.654000,9000.0,3421.0,1.0
2023-09-05T11:34:21.479000,9003.0,3424.0,3.0
2023-09-05T11:53:18.653000,9005.0,3426.0,2.0
2023-09-05T12:03:20.439000,9007.0,3428.0,2.0
2023-09-05T12:23:18.433000,9008.0,3429.0,1.0
2023-09-05T14:43:19.108000,9010.0,3431.0,2.0
2023-09-05T14:53:19.046000,9012.0,3433.0,2.0
2023-09-05T15:03:18.956000,9013.0,3434.0,1.0
2023-09-05T15:43:18.839000,9015.0,3436.0,2.0
2023-09-05T16:13:19.447000,9019.0,3440.0,4.0
2023-09-05T16:23:18.721000,9021.0,3442.0,2.0
2023-09-05T16:33:19.287000,9023.0,3444.0,2.0
2023-09-05T16:43:18.529000,9026.0,3447.0,3.0
2023-09-05T16:53:19.063000,9030.0,3451.0,4.0
2023-09-05T17:03:19.137000,9031.0,3452.0,1.0
2023-09-05T17:13:18.975000,9033.0,3454.0,2.0
2023-09-05T17:23:18.878000,9035.0,3456.0,2.0
2023-09-05T17:43:18.673000,9037.0,3458.0,2.0
2023-09-05T17:53:18.829000,9036.0,3457.0,-1.0
2023-09-05T18:33:19.854000,9037.0,3458.0,1.0
2023-09-05T18:43:18.661000,9039.0,3460.0,2.0
2023-09-05T18:53:18.727000,9040.0,3461.0,1.0
2023-09-05T19:13:18.771000,9042.0,3463.0,2.0
2023-09-05T20:03:18.843000,9044.0,3465.0,2.0
2023-09-05T20:23:19.024000,9046.0,3467.0,2.0
2023-09-05T21:13:36.335000,9048.0,3469.0,2.0
2023-09-05T21:23:18.886000,9049.0,3470.0,1.0
2023-09-05T21:43:18.999000,9050.0,3471.0,1.0
2023-09-05T21:53:18.872000,9051.0,3472.0,1.0
2023-09-05T22:03:19.173000,9054.0,3475.0,3.0
2023-09-05T22:23:18.964000,9055.0,3476.0,1.0
2023-09-05T22:33:19.762000,9058.0,3479.0,3.0
2023-09-05T22:43:18.738000,9062.0,3483.0,4.0
2023-09-05T22:53:19.004000,9064.0,3485.0,2.0
2023-09-05T23:03:19.484000,9067.0,3488.0,3.0
2023-09-05T23:23:18.998000,9068.0,3489.0,1.0
2023-09-05T23:43:18.546000,9069.0,3490.0,1.0
2023-09-06T00:03:20.693000,9071.0,3492.0,2.0
2023-09-06T00:23:18.637000,9072.0,3493.0,1.0
2023-09-06T00:33:20.187000,9073.0,3494.0,1.0
2023-09-06T00:43:18.421000,9074.0,3495.0,1.0
2023-09-06T01:03:18.828000,9075.0,3496.0,1.0
2023-09-06T01:13:19.066000,9079.0,3500.0,4.0
2023-09-06T01:33:20.105000,9082.0,3503.0,3.0
2023-09-06T01:43:18.716000,9084.0,3505.0,2.0
2023-09-06T02:03:18.619000,9085.0,3506.0,1.0
2023-09-06T02:13:19.363000,9084.0,3505.0,-1.0
2023-09-06T02:33:18.641000,9086.0,3507.0,2.0
2023-09-06T02:53:18.710000,9089.0,3510.0,3.0
2023-09-06T03:03:19.402000,9090.0,3511.0,1.0
2023-09-06T03:13:19.411000,9092.0,3513.0,2.0
2023-09-06T04:13:19.128000,9093.0,3514.0,1.0
2023-09-06T05:53:18.720000,9095.0,3516.0,2.0
2023-09-06T07:53:19.082000,9097.0,3518.0,2.0
2023-09-06T09:53:20.070000,9098.0,3519.0,1.0
2023-09-06T10:03:18.731000,9102.0,3523.0,4.0
2023-09-06T11:03:18.956000,9104.0,3525.0,2.0
2023-09-06T11:13:18.949000,9106.0,3527.0,2.0
2023-09-06T11:33:19.414000,9107.0,3528.0,1.0
2023-09-06T11:43:18.599000,9108.0,3529.0,1.0
2023-09-06T12:03:18.978000,9109.0,3530.0,1.0
2023-09-06T12:23:18.727000,9119.0,3540.0,10.0
2023-09-06T12:43:19.655000,9120.0,3541.0,1.0
2023-09-06T13:33:18.711000,9121.0,3542.0,1.0
2023-09-06T13:53:18.440000,9123.0,3544.0,2.0
2023-09-06T14:23:18.855000,9126.0,3547.0,3.0
2023-09-06T14:33:19.208000,9127.0,3548.0,1.0
2023-09-06T14:53:18.576000,9129.0,3550.0,2.0
2023-09-06T16:03:19.528000,9130.0,3551.0,1.0
2023-09-06T16:43:20.427000,9135.0,3556.0,5.0
2023-09-06T17:03:19.007000,9134.0,3555.0,-1.0
2023-09-06T17:43:19.294000,9135.0,3556.0,1.0
2023-09-06T18:33:20.028000,9134.0,3555.0,-1.0
2023-09-06T18:53:19.199000,9133.0,3554.0,-1.0
2023-09-06T19:03:18.705000,9132.0,3553.0,-1.0
2023-09-06T19:13:19.210000,9133.0,3554.0,1.0
2023-09-06T19:23:18.806000,9134.0,3555.0,1.0
2023-09-06T19:33:18.840000,9136.0,3557.0,2.0
2023-09-06T19:53:18.961000,9135.0,3556.0,-1.0
2023-09-06T20:03:21.721000,9137.0,3558.0,2.0
2023-09-06T20:13:19.212000,9138.0,3559.0,1.0
2023-09-06T20:23:19.213000,9144.0,3565.0,6.0
2023-09-06T20:33:19.095000,9147.0,3568.0,3.0
2023-09-06T21:03:19.021000,9149.0,3570.0,2.0
2023-09-06T21:13:18.743000,9150.0,3571.0,1.0
2023-09-06T21:23:19.563000,9152.0,3573.0,2.0
2023-09-06T21:43:18.765000,9154.0,3575.0,2.0
2023-09-06T21:53:19.081000,9156.0,3577.0,2.0
2023-09-06T22:03:18.513000,9157.0,3578.0,1.0
2023-09-06T22:13:19.099000,9158.0,3579.0,1.0
2023-09-06T22:23:18.591000,9160.0,3581.0,2.0
2023-09-06T22:33:19.221000,9161.0,3582.0,1.0
2023-09-06T22:43:19.204000,9165.0,3586.0,4.0
2023-09-06T22:53:18.781000,9166.0,3587.0,1.0
2023-09-06T23:43:18.805000,9170.0,3591.0,4.0
2023-09-06T23:53:26.528000,9174.0,3595.0,4.0
2023-09-07T00:23:19.452000,9176.0,3597.0,2.0
2023-09-07T00:43:19.214000,9177.0,3598.0,1.0
2023-09-07T01:03:18.802000,9180.0,3601.0,3.0
2023-09-07T01:13:20.173000,9181.0,3602.0,1.0
2023-09-07T01:23:19.108000,9182.0,3603.0,1.0
2023-09-07T01:33:18.840000,9183.0,3604.0,1.0
2023-09-07T01:43:19.020000,9184.0,3605.0,1.0
2023-09-07T02:13:19.452000,9185.0,3606.0,1.0
2023-09-07T03:13:18.830000,9186.0,3607.0,1.0
2023-09-07T06:13:18.883000,9187.0,3608.0,1.0
2023-09-07T07:18:33.062000,9188.0,3609.0,1.0
2023-09-07T08:33:18.871000,9190.0,3611.0,2.0
2023-09-07T08:43:18.848000,9192.0,3613.0,2.0
2023-09-07T09:33:19.210000,9193.0,3614.0,1.0
2023-09-07T09:43:18.668000,9194.0,3615.0,1.0
2023-09-07T10:13:18.673000,9196.0,3617.0,2.0
2023-09-07T10:33:19.557000,9194.0,3615.0,-2.0
2023-09-07T10:53:18.986000,9196.0,3617.0,2.0
2023-09-07T11:03:18.651000,9197.0,3618.0,1.0
2023-09-07T11:13:19.343000,9202.0,3623.0,5.0
2023-09-07T11:23:18.629000,9205.0,3626.0,3.0
2023-09-07T11:33:19.279000,9208.0,3629.0,3.0
2023-09-07T11:43:18.538000,9211.0,3632.0,3.0
2023-09-07T11:53:18.806000,9218.0,3639.0,7.0
2023-09-07T12:03:18.557000,9220.0,3641.0,2.0
2023-09-07T12:13:18.611000,9232.0,3653.0,12.0
2023-09-07T12:23:19.021000,9235.0,3656.0,3.0
2023-09-07T12:33:18.863000,9236.0,3657.0,1.0
2023-09-07T12:43:18.706000,9237.0,3658.0,1.0
2023-09-07T13:03:20.152000,9240.0,3661.0,3.0
2023-09-07T13:23:18.664000,9243.0,3664.0,3.0
2023-09-07T13:43:18.617000,9245.0,3666.0,2.0
2023-09-07T14:01:18.996000,9246.0,3667.0,1.0
2023-09-07T14:13:19.620000,9248.0,3669.0,2.0
2023-09-07T14:43:20.013000,9249.0,3670.0,1.0
2023-09-07T14:53:18.790000,9253.0,3674.0,4.0
2023-09-07T15:03:18.953000,9254.0,3675.0,1.0
2023-09-07T15:13:18.720000,9257.0,3678.0,3.0
2023-09-07T15:23:19.497000,9261.0,3682.0,4.0
2023-09-07T15:53:19.185000,9263.0,3684.0,2.0
2023-09-07T16:03:18.911000,9264.0,3685.0,1.0
2023-09-07T16:23:19.698000,9265.0,3686.0,1.0
2023-09-07T16:33:19.507000,9266.0,3687.0,1.0
2023-09-07T16:53:21.511000,9268.0,3689.0,2.0
2023-09-07T17:13:19.093000,9270.0,3691.0,2.0
2023-09-07T17:23:19.143000,9273.0,3694.0,3.0
2023-09-07T17:43:18.752000,9274.0,3695.0,1.0
2023-09-07T18:03:19.860000,9278.0,3699.0,4.0
2023-09-07T18:23:18.881000,9279.0,3700.0,1.0
2023-09-07T18:53:19.709000,9280.0,3701.0,1.0
2023-09-07T19:03:19.266000,9282.0,3703.0,2.0
2023-09-07T19:23:18.599000,9284.0,3705.0,2.0
2023-09-07T19:33:19.225000,9287.0,3708.0,3.0
2023-09-07T19:53:18.956000,9293.0,3714.0,6.0
2023-09-07T20:03:19.445000,9294.0,3715.0,1.0
2023-09-07T20:13:19.119000,9296.0,3717.0,2.0
2023-09-07T20:23:18.998000,9298.0,3719.0,2.0
2023-09-07T21:53:18.874000,9299.0,3720.0,1.0
2023-09-07T22:03:19.741000,9301.0,3722.0,2.0
2023-09-07T22:13:24.153000,9302.0,3723.0,1.0
2023-09-07T22:52:16.648000,9303.0,3724.0,1.0
2023-09-07T23:13:18.692000,9307.0,3728.0,4.0
2023-09-07T23:23:18.622000,9310.0,3731.0,3.0
2023-09-07T23:53:18.820000,9311.0,3732.0,1.0
2023-09-08T00:03:18.916000,9312.0,3733.0,1.0
2023-09-08T00:23:18.614000,9313.0,3734.0,1.0
2023-09-08T00:53:19.065000,9314.0,3735.0,1.0
2023-09-08T01:03:18.663000,9317.0,3738.0,3.0
2023-09-08T01:23:20.038000,9318.0,3739.0,1.0
2023-09-08T01:43:18.758000,9319.0,3740.0,1.0
2023-09-08T02:53:18.906000,9320.0,3741.0,1.0
2023-09-08T03:43:19.595000,9321.0,3742.0,1.0
2023-09-08T04:33:19.002000,9322.0,3743.0,1.0
2023-09-08T04:43:19.800000,9323.0,3744.0,1.0
2023-09-08T07:43:18.616000,9324.0,3745.0,1.0
2023-09-08T08:43:18.968000,9325.0,3746.0,1.0
2023-09-08T09:33:18.901000,9326.0,3747.0,1.0
2023-09-08T09:43:19.052000,9328.0,3749.0,2.0
2023-09-08T09:53:18.904000,9329.0,3750.0,1.0
2023-09-08T10:13:18.740000,9331.0,3752.0,2.0
2023-09-08T10:23:18.971000,9332.0,3753.0,1.0
2023-09-08T10:43:19.046000,9334.0,3755.0,2.0
2023-09-08T10:53:18.557000,9335.0,3756.0,1.0
2023-09-08T11:03:18.822000,9337.0,3758.0,2.0
2023-09-08T11:13:18.716000,9338.0,3759.0,1.0
2023-09-08T11:23:18.684000,9341.0,3762.0,3.0
2023-09-08T11:33:19.180000,9342.0,3763.0,1.0
2023-09-08T11:43:18.763000,9345.0,3766.0,3.0
2023-09-08T11:53:18.752000,9346.0,3767.0,1.0
2023-09-08T12:03:18.708000,9350.0,3771.0,4.0
2023-09-08T12:23:18.663000,9353.0,3774.0,3.0
2023-09-08T12:53:18.747000,9356.0,3777.0,3.0
2023-09-08T13:13:18.493000,9357.0,3778.0,1.0
2023-09-08T13:23:18.736000,9360.0,3781.0,3.0
2023-09-08T14:03:18.904000,9362.0,3783.0,2.0
2023-09-08T14:53:18.603000,9363.0,3784.0,1.0
2023-09-08T15:13:18.647000,9366.0,3787.0,3.0
2023-09-08T15:23:18.973000,9367.0,3788.0,1.0
2023-09-08T15:33:18.588000,9368.0,3789.0,1.0
2023-09-08T15:43:20.039000,9369.0,3790.0,1.0
2023-09-08T15:53:18.733000,9370.0,3791.0,1.0
2023-09-08T16:13:18.908000,9371.0,3792.0,1.0
2023-09-08T16:23:19.425000,9372.0,3793.0,1.0
2023-09-08T16:53:18.479000,9374.0,3795.0,2.0
2023-09-08T17:03:19.186000,9376.0,3797.0,2.0
2023-09-08T17:23:18.926000,9377.0,3798.0,1.0
2023-09-08T17:33:18.775000,9378.0,3799.0,1.0
2023-09-08T17:53:20.306000,9379.0,3800.0,1.0
2023-09-08T18:03:19.635000,9380.0,3801.0,1.0
2023-09-08T18:13:18.827000,9381.0,3802.0,1.0
2023-09-08T18:23:19.419000,9389.0,3810.0,8.0
2023-09-08T18:33:19.720000,9390.0,3811.0,1.0
2023-09-08T18:43:19.030000,9392.0,3813.0,2.0
2023-09-08T18:53:18.881000,9394.0,3815.0,2.0
2023-09-08T19:03:18.847000,9395.0,3816.0,1.0
2023-09-08T19:13:18.628000,9398.0,3819.0,3.0
2023-09-08T19:23:19.407000,9401.0,3822.0,3.0
2023-09-08T19:33:19.129000,9402.0,3823.0,1.0
2023-09-08T19:43:18.628000,9403.0,3824.0,1.0
2023-09-08T20:03:19.060000,9405.0,3826.0,2.0
2023-09-08T20:13:19.291000,9406.0,3827.0,1.0
2023-09-08T20:23:19.007000,9407.0,3828.0,1.0
2023-09-08T20:33:18.755000,9409.0,3830.0,2.0
2023-09-08T20:38:37.799000,9410.0,3831.0,1.0
2023-09-08T20:53:18.710000,9415.0,3836.0,5.0
2023-09-08T20:55:15.891000,9418.0,3839.0,3.0
2023-09-08T21:01:14.453000,9421.0,3842.0,3.0
2023-09-08T21:13:18.695000,9420.0,3841.0,-1.0
2023-09-08T21:33:18.733000,9424.0,3845.0,4.0
2023-09-08T21:53:18.919000,9429.0,3850.0,5.0
2023-09-08T22:03:18.666000,9431.0,3852.0,2.0
2023-09-08T22:13:18.616000,9435.0,3856.0,4.0
2023-09-08T22:23:19.383000,9437.0,3858.0,2.0
2023-09-08T22:53:18.991000,9439.0,3860.0,2.0
2023-09-08T23:03:21.209000,9442.0,3863.0,3.0
2023-09-08T23:13:19.200000,9449.0,3870.0,7.0
2023-09-08T23:23:18.675000,9453.0,3874.0,4.0
2023-09-08T23:33:18.648000,9458.0,3879.0,5.0
2023-09-08T23:43:18.874000,9462.0,3883.0,4.0
2023-09-08T23:53:19.218000,9464.0,3885.0,2.0
2023-09-09T00:03:18.834000,9474.0,3895.0,10.0
2023-09-09T00:13:18.701000,9475.0,3896.0,1.0
2023-09-09T00:23:18.735000,9477.0,3898.0,2.0
2023-09-09T00:33:18.579000,9479.0,3900.0,2.0
2023-09-09T00:43:18.952000,9480.0,3901.0,1.0
2023-09-09T00:53:19.403000,9482.0,3903.0,2.0
2023-09-09T01:03:18.887000,9484.0,3905.0,2.0
2023-09-09T01:13:19.115000,9472.0,3893.0,-12.0
2023-09-09T02:23:19.078000,9473.0,3894.0,1.0
2023-09-09T06:13:18.552000,9472.0,3893.0,-1.0
2023-09-09T06:23:19.508000,9470.0,3891.0,-2.0
2023-09-09T06:33:19.150000,9471.0,3892.0,1.0
2023-09-09T08:13:19.677000,9470.0,3891.0,-1.0
2023-09-09T08:43:18.810000,9468.0,3889.0,-2.0
2023-09-09T10:03:18.849000,9469.0,3890.0,1.0
2023-09-09T10:13:18.888000,9468.0,3889.0,-1.0
2023-09-09T10:33:19.139000,9469.0,3890.0,1.0
2023-09-09T13:03:18.975000,9468.0,3889.0,-1.0
2023-09-09T13:43:19.269000,9469.0,3890.0,1.0
2023-09-09T14:13:18.940000,9470.0,3891.0,1.0
2023-09-09T14:43:18.742000,9472.0,3893.0,2.0
2023-09-09T15:23:18.842000,9473.0,3894.0,1.0
2023-09-09T15:43:19.112000,9474.0,3895.0,1.0
2023-09-09T15:53:19.011000,9476.0,3897.0,2.0
2023-09-09T16:13:19.125000,9479.0,3900.0,3.0
2023-09-09T16:23:18.751000,9480.0,3901.0,1.0
2023-09-09T16:53:19.196000,9481.0,3902.0,1.0
2023-09-09T17:53:18.985000,9486.0,3907.0,5.0
2023-09-09T18:13:19.445000,9487.0,3908.0,1.0
2023-09-09T18:23:19.485000,9488.0,3909.0,1.0
2023-09-09T18:33:19.468000,9489.0,3910.0,1.0
2023-09-09T18:53:18.705000,9490.0,3911.0,1.0
2023-09-09T19:03:19.229000,9491.0,3912.0,1.0
2023-09-09T19:13:19.730000,9493.0,3914.0,2.0
2023-09-09T19:43:19.006000,9495.0,3916.0,2.0
2023-09-09T20:23:18.998000,9496.0,3917.0,1.0
2023-09-09T20:33:19.151000,9497.0,3918.0,1.0
2023-09-09T20:53:19.164000,9498.0,3919.0,1.0
2023-09-09T21:23:19.229000,9499.0,3920.0,1.0
2023-09-09T21:33:19.172000,9500.0,3921.0,1.0
2023-09-09T22:13:19.359000,9502.0,3923.0,2.0
2023-09-09T22:23:18.617000,9503.0,3924.0,1.0
2023-09-09T22:43:18.717000,9508.0,3929.0,5.0
2023-09-09T22:53:19.695000,9511.0,3932.0,3.0
2023-09-09T23:13:18.639000,9515.0,3936.0,4.0
2023-09-09T23:23:19.004000,9516.0,3937.0,1.0
2023-09-09T23:33:18.943000,9519.0,3940.0,3.0
2023-09-09T23:53:18.704000,9530.0,3951.0,11.0
2023-09-10T00:03:20.840000,9536.0,3957.0,6.0
2023-09-10T00:13:19.131000,9539.0,3960.0,3.0
2023-09-10T00:23:18.958000,9540.0,3961.0,1.0
2023-09-10T00:53:19.499000,9541.0,3962.0,1.0
2023-09-10T01:03:19.326000,9545.0,3966.0,4.0
2023-09-10T01:23:18.867000,9546.0,3967.0,1.0
2023-09-10T01:53:18.712000,9547.0,3968.0,1.0
2023-09-10T02:13:18.765000,9548.0,3969.0,1.0
2023-09-10T02:33:18.789000,9549.0,3970.0,1.0
2023-09-10T03:03:19.368000,9553.0,3974.0,4.0
2023-09-10T03:23:19.318000,9554.0,3975.0,1.0
2023-09-10T08:43:18.676000,9555.0,3976.0,1.0
2023-09-10T10:13:18.647000,9556.0,3977.0,1.0
2023-09-10T10:23:18.626000,9558.0,3979.0,2.0
2023-09-10T11:23:18.768000,9562.0,3983.0,4.0
2023-09-10T11:33:18.561000,9563.0,3984.0,1.0
2023-09-10T11:53:20.943000,9565.0,3986.0,2.0
2023-09-10T12:03:21.693000,9568.0,3989.0,3.0
2023-09-10T12:13:19.110000,9569.0,3990.0,1.0
2023-09-10T12:23:18.640000,9571.0,3992.0,2.0
2023-09-10T12:33:19.342000,9574.0,3995.0,3.0
2023-09-10T12:43:19.008000,9575.0,3996.0,1.0
2023-09-10T12:53:18.594000,9576.0,3997.0,1.0
2023-09-10T13:03:19.708000,9578.0,3999.0,2.0
2023-09-10T13:13:18.800000,9579.0,4000.0,1.0
2023-09-10T13:23:19.432000,9581.0,4002.0,2.0
2023-09-10T13:33:18.998000,9582.0,4003.0,1.0
2023-09-10T14:03:19.292000,9586.0,4007.0,4.0
2023-09-10T14:13:19.069000,9588.0,4009.0,2.0
2023-09-10T14:33:18.659000,9589.0,4010.0,1.0
2023-09-10T15:43:18.901000,9591.0,4012.0,2.0
2023-09-10T16:03:18.697000,9592.0,4013.0,1.0
2023-09-10T16:23:18.966000,9594.0,4015.0,2.0
2023-09-10T16:43:18.820000,9602.0,4023.0,8.0
2023-09-10T16:53:19.187000,9603.0,4024.0,1.0
2023-09-10T17:23:18.854000,9604.0,4025.0,1.0
2023-09-10T20:33:18.804000,9605.0,4026.0,1.0
2023-09-10T22:23:18.877000,9607.0,4028.0,2.0
2023-09-10T23:03:19.593000,9608.0,4029.0,1.0
2023-09-10T23:23:19.429000,9610.0,4031.0,2.0
2023-09-10T23:53:19.140000,9611.0,4032.0,1.0
2023-09-11T00:43:18.876000,9613.0,4034.0,2.0
2023-09-11T01:33:19.132000,9614.0,4035.0,1.0
2023-09-11T03:23:19.236000,9615.0,4036.0,1.0
2023-09-11T04:03:19.434000,9616.0,4037.0,1.0
2023-09-11T04:13:18.948000,9617.0,4038.0,1.0
2023-09-11T10:13:18.416000,9624.0,4045.0,7.0
2023-09-11T10:33:18.646000,9627.0,4048.0,3.0
2023-09-11T10:53:18.946000,9631.0,4052.0,4.0
2023-09-11T11:03:18.723000,9632.0,4053.0,1.0
2023-09-11T11:13:18.962000,9635.0,4056.0,3.0
2023-09-11T11:43:19.325000,9637.0,4058.0,2.0
2023-09-11T11:53:18.960000,9636.0,4057.0,-1.0
2023-09-11T12:13:18.415000,9637.0,4058.0,1.0
2023-09-11T12:53:18.622000,9639.0,4060.0,2.0
2023-09-11T13:23:18.727000,9641.0,4062.0,2.0
2023-09-11T15:33:18.584000,9643.0,4064.0,2.0
2023-09-11T15:43:18.843000,9647.0,4068.0,4.0
2023-09-11T16:03:18.841000,9649.0,4070.0,2.0
2023-09-11T16:13:19.185000,9650.0,4071.0,1.0
2023-09-11T16:23:19.161000,9649.0,4070.0,-1.0
2023-09-11T17:33:19.455000,9650.0,4071.0,1.0
2023-09-11T19:03:18.871000,9651.0,4072.0,1.0
2023-09-11T20:33:19.681000,9652.0,4073.0,1.0
2023-09-11T21:13:18.720000,9653.0,4074.0,1.0
2023-09-11T21:33:18.762000,9654.0,4075.0,1.0
2023-09-11T21:43:18.787000,9655.0,4076.0,1.0
2023-09-11T21:53:18.918000,9656.0,4077.0,1.0
2023-09-11T22:13:19.802000,9657.0,4078.0,1.0
2023-09-11T22:23:18.550000,9658.0,4079.0,1.0
2023-09-11T22:33:19.664000,9659.0,4080.0,1.0
2023-09-11T22:53:19.341000,9660.0,4081.0,1.0
2023-09-11T23:03:18.828000,9663.0,4084.0,3.0
2023-09-11T23:13:19.938000,9664.0,4085.0,1.0
2023-09-11T23:33:19.020000,9666.0,4087.0,2.0
2023-09-11T23:53:19.135000,9668.0,4089.0,2.0
2023-09-12T00:23:19.531000,9669.0,4090.0,1.0
2023-09-12T00:33:18.834000,9670.0,4091.0,1.0
2023-09-12T01:03:18.905000,9671.0,4092.0,1.0
2023-09-12T01:13:19.116000,9672.0,4093.0,1.0
2023-09-12T01:33:18.761000,9675.0,4096.0,3.0
2023-09-12T01:43:18.517000,9676.0,4097.0,1.0
2023-09-12T02:13:20.993000,9678.0,4099.0,2.0
2023-09-12T02:23:18.633000,9679.0,4100.0,1.0
2023-09-12T05:43:18.717000,9685.0,4106.0,6.0
2023-09-12T09:03:18.606000,9687.0,4108.0,2.0
2023-09-12T10:33:18.843000,9690.0,4111.0,3.0
2023-09-12T11:53:19.587000,9691.0,4112.0,1.0
2023-09-12T12:03:18.632000,9692.0,4113.0,1.0
2023-09-12T12:13:18.869000,9695.0,4116.0,3.0
2023-09-12T12:53:18.397000,9696.0,4117.0,1.0
2023-09-12T13:43:18.682000,9697.0,4118.0,1.0
2023-09-12T15:43:19.322000,9699.0,4120.0,2.0
2023-09-12T15:53:19.326000,9700.0,4121.0,1.0
2023-09-12T16:23:19.444000,9701.0,4122.0,1.0
2023-09-12T16:33:19.882000,9703.0,4124.0,2.0
2023-09-12T16:43:18.982000,9704.0,4125.0,1.0
2023-09-12T17:03:18.875000,9708.0,4129.0,4.0
2023-09-12T17:23:18.883000,9707.0,4128.0,-1.0
2023-09-12T17:33:19.170000,9708.0,4129.0,1.0
2023-09-12T17:53:20.077000,9709.0,4130.0,1.0
2023-09-12T18:33:19.392000,9711.0,4132.0,2.0
2023-09-12T18:53:18.710000,9714.0,4135.0,3.0
2023-09-12T19:23:19.440000,9716.0,4137.0,2.0
2023-09-12T19:43:19.590000,9717.0,4138.0,1.0
2023-09-12T19:53:19.448000,9718.0,4139.0,1.0
2023-09-12T20:03:18.871000,9721.0,4142.0,3.0
2023-09-12T20:23:19.004000,9722.0,4143.0,1.0
2023-09-12T20:33:19.574000,9723.0,4144.0,1.0
2023-09-12T20:57:09.521000,9724.0,4145.0,1.0
2023-09-12T21:03:19.738000,9726.0,4147.0,2.0
2023-09-12T21:13:19.068000,9728.0,4149.0,2.0
2023-09-12T21:33:19.166000,9729.0,4150.0,1.0
2023-09-12T22:03:19.232000,9733.0,4154.0,4.0
2023-09-12T22:13:18.782000,9736.0,4157.0,3.0
2023-09-12T22:23:21.979000,9738.0,4159.0,2.0
2023-09-12T22:33:23.757000,9739.0,4160.0,1.0
2023-09-12T22:43:18.860000,9740.0,4161.0,1.0
2023-09-12T22:53:19.215000,9741.0,4162.0,1.0
2023-09-12T23:23:19.624000,9745.0,4166.0,4.0
2023-09-12T23:43:18.919000,9747.0,4168.0,2.0
2023-09-12T23:53:18.784000,9748.0,4169.0,1.0
2023-09-13T00:03:18.941000,9751.0,4172.0,3.0
2023-09-13T00:13:22.280000,9755.0,4176.0,4.0
2023-09-13T00:23:19.569000,9757.0,4178.0,2.0
2023-09-13T00:33:20.098000,9758.0,4179.0,1.0
2023-09-13T00:40:27.164000,9760.0,4181.0,2.0
2023-09-13T01:03:20.303000,9761.0,4182.0,1.0
2023-09-13T01:13:20.261000,9763.0,4184.0,2.0
2023-09-13T01:23:19.256000,9765.0,4186.0,2.0
2023-09-13T01:33:19.354000,9766.0,4187.0,1.0
2023-09-13T01:53:18.887000,9767.0,4188.0,1.0
2023-09-13T02:23:18.910000,9770.0,4191.0,3.0
2023-09-13T03:13:19.345000,9771.0,4192.0,1.0
2023-09-13T03:53:19.402000,9772.0,4193.0,1.0
2023-09-13T04:33:19.547000,9773.0,4194.0,1.0
2023-09-13T04:53:19.833000,9774.0,4195.0,1.0
2023-09-13T06:13:19.340000,9775.0,4196.0,1.0
2023-09-13T07:43:18.652000,9776.0,4197.0,1.0
2023-09-13T09:33:18.677000,9777.0,4198.0,1.0
2023-09-13T10:13:19.176000,9778.0,4199.0,1.0
2023-09-13T10:43:20.407000,9780.0,4201.0,2.0
2023-09-13T11:03:19.348000,9784.0,4205.0,4.0
2023-09-13T11:13:19.064000,9786.0,4207.0,2.0
2023-09-13T11:33:18.894000,9792.0,4213.0,6.0
2023-09-13T11:43:19.134000,9793.0,4214.0,1.0
2023-09-13T11:53:18.835000,9794.0,4215.0,1.0
2023-09-13T12:03:19.349000,9798.0,4219.0,4.0
2023-09-13T12:13:19.006000,9800.0,4221.0,2.0
2023-09-13T12:23:19.912000,9802.0,4223.0,2.0
2023-09-13T12:33:19.247000,9805.0,4226.0,3.0
2023-09-13T12:43:20.129000,9809.0,4230.0,4.0
2023-09-13T12:53:18.711000,9810.0,4231.0,1.0
2023-09-13T13:23:18.665000,9812.0,4233.0,2.0
2023-09-13T14:13:19.024000,9815.0,4236.0,3.0
2023-09-13T15:03:19.318000,9816.0,4237.0,1.0
2023-09-13T15:43:18.529000,9820.0,4241.0,4.0
2023-09-13T16:33:19.229000,9821.0,4242.0,1.0
2023-09-13T16:43:20.336000,9822.0,4243.0,1.0
2023-09-13T17:03:18.848000,9828.0,4249.0,6.0
2023-09-13T17:33:19.086000,9829.0,4250.0,1.0
2023-09-13T18:23:19.306000,9839.0,4260.0,10.0
2023-09-13T18:43:19.836000,9843.0,4264.0,4.0
2023-09-13T18:53:18.896000,9845.0,4266.0,2.0
2023-09-13T19:13:19.029000,9850.0,4271.0,5.0
2023-09-13T19:23:18.830000,9853.0,4274.0,3.0
2023-09-13T19:33:20.782000,9856.0,4277.0,3.0
2023-09-13T19:43:19.706000,9859.0,4280.0,3.0
2023-09-13T19:53:20.775000,9860.0,4281.0,1.0
2023-09-13T20:03:18.764000,9864.0,4285.0,4.0
2023-09-13T20:20:21.784000,9868.0,4289.0,4.0
2023-09-13T20:33:18.860000,9870.0,4291.0,2.0
2023-09-13T20:43:18.771000,9871.0,4292.0,1.0
2023-09-13T20:53:28.269000,9872.0,4293.0,1.0
2023-09-13T21:13:18.889000,9873.0,4294.0,1.0
2023-09-13T21:23:20.427000,9874.0,4295.0,1.0
2023-09-13T21:53:19.083000,9877.0,4298.0,3.0
2023-09-13T22:03:18.889000,9878.0,4299.0,1.0
2023-09-13T22:13:18.688000,9881.0,4302.0,3.0
2023-09-13T22:23:20.619000,9883.0,4304.0,2.0
2023-09-13T22:33:18.706000,9884.0,4305.0,1.0
2023-09-13T23:03:18.641000,9887.0,4308.0,3.0
2023-09-13T23:13:18.560000,9889.0,4310.0,2.0
2023-09-13T23:33:18.602000,9890.0,4311.0,1.0
2023-09-13T23:43:20.934000,9892.0,4313.0,2.0
2023-09-14T00:13:19.056000,9893.0,4314.0,1.0
2023-09-14T00:33:19.075000,9894.0,4315.0,1.0
2023-09-14T00:43:19.616000,9895.0,4316.0,1.0
2023-09-14T00:53:19.023000,9897.0,4318.0,2.0
2023-09-14T01:03:21.561000,9898.0,4319.0,1.0
2023-09-14T01:43:19.455000,9899.0,4320.0,1.0
2023-09-14T01:53:18.882000,9900.0,4321.0,1.0
2023-09-14T02:03:19.004000,9903.0,4324.0,3.0
2023-09-14T02:13:18.770000,9904.0,4325.0,1.0
2023-09-14T02:53:19.072000,9908.0,4329.0,4.0
2023-09-14T06:23:18.979000,9910.0,4331.0,2.0
2023-09-14T10:53:19.284000,9911.0,4332.0,1.0
2023-09-14T11:33:18.864000,9910.0,4331.0,-1.0
2023-09-14T12:33:19.553000,9911.0,4332.0,1.0
2023-09-14T12:53:19.057000,9910.0,4331.0,-1.0
2023-09-14T13:43:19.304000,9911.0,4332.0,1.0
2023-09-14T15:03:19.318000,9912.0,4333.0,1.0
2023-09-14T16:43:18.646000,9913.0,4334.0,1.0
2023-09-14T17:13:18.645000,9914.0,4335.0,1.0
2023-09-14T17:23:24.356000,9915.0,4336.0,1.0
2023-09-14T18:33:18.815000,9916.0,4337.0,1.0
2023-09-14T18:43:19.102000,9915.0,4336.0,-1.0
2023-09-14T18:53:18.598000,9917.0,4338.0,2.0
2023-09-14T19:23:20.218000,9921.0,4342.0,4.0
2023-09-14T19:53:18.724000,9923.0,4344.0,2.0
2023-09-14T20:03:21.825000,9924.0,4345.0,1.0
2023-09-14T20:13:19.474000,9925.0,4346.0,1.0
2023-09-14T20:23:18.840000,9926.0,4347.0,1.0
2023-09-14T20:33:18.848000,9927.0,4348.0,1.0
2023-09-14T20:43:19.260000,9928.0,4349.0,1.0
2023-09-14T21:53:18.594000,9929.0,4350.0,1.0
2023-09-14T22:23:18.924000,9931.0,4352.0,2.0
2023-09-14T22:43:18.889000,9934.0,4355.0,3.0
2023-09-14T23:03:19.241000,9936.0,4357.0,2.0
2023-09-14T23:13:18.768000,9938.0,4359.0,2.0
2023-09-14T23:23:19.315000,9940.0,4361.0,2.0
2023-09-14T23:53:19.151000,9942.0,4363.0,2.0
2023-09-15T00:03:18.815000,9943.0,4364.0,1.0
2023-09-15T01:23:18.877000,9944.0,4365.0,1.0
2023-09-15T01:53:18.744000,9945.0,4366.0,1.0
2023-09-15T02:23:18.753000,9948.0,4369.0,3.0
2023-09-15T02:53:19.930000,9949.0,4370.0,1.0
2023-09-15T03:13:19.151000,9952.0,4373.0,3.0
2023-09-15T03:23:18.633000,9953.0,4374.0,1.0
2023-09-15T03:33:18.935000,9955.0,4376.0,2.0
2023-09-15T07:33:18.794000,9956.0,4377.0,1.0
2023-09-15T08:03:18.715000,9960.0,4381.0,4.0
2023-09-15T08:43:19.514000,9959.0,4380.0,-1.0
2023-09-15T11:53:19.009000,9961.0,4382.0,2.0
2023-09-15T13:13:18.840000,9962.0,4383.0,1.0
2023-09-15T19:23:33.594000,9963.0,4384.0,1.0
2023-09-15T21:33:19.933000,9964.0,4385.0,1.0
2023-09-15T22:03:19.123000,9965.0,4386.0,1.0
2023-09-15T22:23:19.149000,9969.0,4390.0,4.0
2023-09-15T22:53:19.217000,9971.0,4392.0,2.0
2023-09-15T23:03:18.341000,9973.0,4394.0,2.0
2023-09-15T23:13:19.678000,9974.0,4395.0,1.0
2023-09-15T23:23:19.113000,9976.0,4397.0,2.0
2023-09-15T23:43:19.156000,9977.0,4398.0,1.0
2023-09-15T23:53:19.372000,9978.0,4399.0,1.0
2023-09-16T00:53:19.302000,9979.0,4400.0,1.0
2023-09-16T01:33:18.944000,9980.0,4401.0,1.0
2023-09-16T02:53:19.006000,9983.0,4404.0,3.0
2023-09-16T07:23:19.477000,9986.0,4407.0,3.0
2023-09-16T08:33:18.795000,9987.0,4408.0,1.0
2023-09-16T09:03:20.357000,9988.0,4409.0,1.0
2023-09-16T09:13:19.330000,9989.0,4410.0,1.0
2023-09-16T09:23:18.717000,9990.0,4411.0,1.0
2023-09-16T09:33:19.906000,9991.0,4412.0,1.0
2023-09-16T10:03:19.051000,9992.0,4413.0,1.0
2023-09-16T10:53:19.428000,9993.0,4414.0,1.0
2023-09-16T11:03:18.564000,9994.0,4415.0,1.0
2023-09-16T11:23:18.693000,9995.0,4416.0,1.0
2023-09-16T11:43:19.191000,9996.0,4417.0,1.0
2023-09-16T12:23:18.778000,9999.0,4420.0,3.0
2023-09-16T12:33:19.455000,10000.0,4421.0,1.0
2023-09-16T12:43:18.462000,10003.0,4424.0,3.0
2023-09-16T13:23:18.918000,10004.0,4425.0,1.0
2023-09-16T13:33:18.537000,10005.0,4426.0,1.0
2023-09-16T13:53:18.732000,10007.0,4428.0,2.0
2023-09-16T14:03:19.206000,10009.0,4430.0,2.0
2023-09-16T14:23:18.644000,10010.0,4431.0,1.0
2023-09-16T14:33:18.584000,10012.0,4433.0,2.0
2023-09-16T14:43:19.012000,10013.0,4434.0,1.0
2023-09-16T14:52:12.590000,10014.0,4435.0,1.0
2023-09-16T15:03:18.612000,10016.0,4437.0,2.0
2023-09-16T15:23:18.915000,10019.0,4440.0,3.0
2023-09-16T15:33:19.133000,10023.0,4444.0,4.0
2023-09-16T15:53:20.134000,10026.0,4447.0,3.0
2023-09-16T16:03:18.997000,10029.0,4450.0,3.0
2023-09-16T16:23:18.912000,10032.0,4453.0,3.0
2023-09-16T16:33:18.810000,10033.0,4454.0,1.0
2023-09-16T16:43:18.686000,10035.0,4456.0,2.0
2023-09-16T16:53:18.866000,10038.0,4459.0,3.0
2023-09-16T17:13:18.733000,10042.0,4463.0,4.0
2023-09-16T17:23:19.556000,10043.0,4464.0,1.0
2023-09-16T17:33:19.179000,10044.0,4465.0,1.0
2023-09-16T17:43:18.885000,10045.0,4466.0,1.0
2023-09-16T17:53:19.057000,10047.0,4468.0,2.0
2023-09-16T18:03:18.768000,10048.0,4469.0,1.0
2023-09-16T18:13:18.537000,10050.0,4471.0,2.0
2023-09-16T18:43:19.065000,10051.0,4472.0,1.0
2023-09-16T19:03:18.898000,10052.0,4473.0,1.0
2023-09-16T19:23:19.386000,10057.0,4478.0,5.0
2023-09-16T19:33:18.639000,10058.0,4479.0,1.0
2023-09-16T19:53:18.661000,10059.0,4480.0,1.0
2023-09-16T21:23:19.021000,10062.0,4483.0,3.0
2023-09-16T21:33:18.442000,10063.0,4484.0,1.0
2023-09-16T21:43:18.471000,10065.0,4486.0,2.0
2023-09-16T22:33:18.802000,10067.0,4488.0,2.0
2023-09-16T22:43:19.402000,10068.0,4489.0,1.0
2023-09-16T23:03:18.607000,10069.0,4490.0,1.0
2023-09-16T23:23:18.792000,10070.0,4491.0,1.0
2023-09-16T23:33:18.612000,10071.0,4492.0,1.0
2023-09-16T23:53:18.662000,10072.0,4493.0,1.0
2023-09-17T00:13:18.873000,10073.0,4494.0,1.0
2023-09-17T00:23:19.221000,10076.0,4497.0,3.0
2023-09-17T00:33:18.528000,10078.0,4499.0,2.0
2023-09-17T00:43:18.557000,10080.0,4501.0,2.0
2023-09-17T00:53:18.645000,10082.0,4503.0,2.0
2023-09-17T01:03:18.488000,10089.0,4510.0,7.0
2023-09-17T01:43:19.133000,10093.0,4514.0,4.0
2023-09-17T01:53:18.524000,10094.0,4515.0,1.0
2023-09-17T02:23:19.106000,10095.0,4516.0,1.0
2023-09-17T02:43:18.697000,10101.0,4522.0,6.0
2023-09-17T02:53:18.781000,10104.0,4525.0,3.0
2023-09-17T03:03:18.888000,10103.0,4524.0,-1.0
2023-09-17T03:33:19.531000,10110.0,4531.0,7.0
2023-09-17T04:13:18.640000,10111.0,4532.0,1.0
2023-09-17T04:23:18.759000,10112.0,4533.0,1.0
2023-09-17T04:33:19.483000,10111.0,4532.0,-1.0
2023-09-17T05:13:19.161000,10112.0,4533.0,1.0
2023-09-17T09:13:18.549000,10113.0,4534.0,1.0
2023-09-17T10:33:19.614000,10114.0,4535.0,1.0
2023-09-17T11:43:18.945000,10115.0,4536.0,1.0
2023-09-17T11:53:18.773000,10117.0,4538.0,2.0
2023-09-17T12:33:19.001000,10118.0,4539.0,1.0
2023-09-17T12:43:19.173000,10119.0,4540.0,1.0
2023-09-17T13:03:19.463000,10120.0,4541.0,1.0
2023-09-17T13:13:18.798000,10123.0,4544.0,3.0
2023-09-17T13:23:18.950000,10124.0,4545.0,1.0
2023-09-17T13:33:18.661000,10125.0,4546.0,1.0
2023-09-17T13:43:18.996000,10127.0,4548.0,2.0
2023-09-17T13:53:18.603000,10129.0,4550.0,2.0
2023-09-17T14:03:18.872000,10133.0,4554.0,4.0
2023-09-17T14:13:18.934000,10134.0,4555.0,1.0
2023-09-17T14:23:18.587000,10136.0,4557.0,2.0
2023-09-17T14:43:18.621000,10138.0,4559.0,2.0
2023-09-17T15:13:18.824000,10139.0,4560.0,1.0
2023-09-17T15:33:18.757000,10141.0,4562.0,2.0
2023-09-17T15:43:19,10142.0,4563.0,1.0
2023-09-17T15:53:19.404000,10141.0,4562.0,-1.0
2023-09-17T15:56:29.846000,10142.0,4563.0,1.0
2023-09-17T15:56:52.821000,10141.0,4562.0,-1.0
2023-09-17T16:13:18.562000,10145.0,4566.0,4.0
2023-09-17T16:18:14.734000,10150.0,4571.0,5.0
2023-09-17T16:23:18.869000,10151.0,4572.0,1.0
2023-09-17T16:33:19.259000,10152.0,4573.0,1.0
2023-09-17T16:53:18.868000,10153.0,4574.0,1.0
2023-09-17T17:03:18.592000,10158.0,4579.0,5.0
2023-09-17T17:23:18.745000,10161.0,4582.0,3.0
2023-09-17T17:33:19.069000,10166.0,4587.0,5.0
2023-09-17T17:43:18.731000,10167.0,4588.0,1.0
2023-09-17T17:53:19.874000,10175.0,4596.0,8.0
2023-09-17T18:03:20.140000,10176.0,4597.0,1.0
2023-09-17T18:23:18.400000,10179.0,4600.0,3.0
2023-09-17T18:33:19.499000,10181.0,4602.0,2.0
2023-09-17T18:43:18.820000,10182.0,4603.0,1.0
2023-09-17T19:03:18.714000,10184.0,4605.0,2.0
2023-09-17T19:13:19.430000,10186.0,4607.0,2.0
2023-09-17T19:23:18.558000,10188.0,4609.0,2.0
2023-09-17T20:03:18.733000,10189.0,4610.0,1.0
2023-09-17T20:23:18.546000,10190.0,4611.0,1.0
2023-09-17T20:53:18.624000,10191.0,4612.0,1.0
2023-09-17T21:03:25.433000,10190.0,4611.0,-1.0
2023-09-17T21:13:19.231000,10191.0,4612.0,1.0
2023-09-17T21:23:18.531000,10193.0,4614.0,2.0
2023-09-17T21:33:18.579000,10195.0,4616.0,2.0
2023-09-17T21:53:19.290000,10197.0,4618.0,2.0
2023-09-17T22:13:19.492000,10202.0,4623.0,5.0
2023-09-17T22:33:18.905000,10204.0,4625.0,2.0
2023-09-17T22:43:18.579000,10205.0,4626.0,1.0
2023-09-17T23:03:18.983000,10207.0,4628.0,2.0
2023-09-17T23:13:18.628000,10208.0,4629.0,1.0
2023-09-17T23:23:18.777000,10209.0,4630.0,1.0
2023-09-17T23:33:18.871000,10213.0,4634.0,4.0
2023-09-18T00:13:19.107000,10215.0,4636.0,2.0
2023-09-18T00:33:19.692000,10218.0,4639.0,3.0
2023-09-18T00:43:18.634000,10219.0,4640.0,1.0
2023-09-18T00:53:19.057000,10220.0,4641.0,1.0
2023-09-18T01:13:19.278000,10222.0,4643.0,2.0
2023-09-18T01:23:18.833000,10223.0,4644.0,1.0
2023-09-18T01:43:19.008000,10229.0,4650.0,6.0
2023-09-18T01:53:18.645000,10231.0,4652.0,2.0
2023-09-18T02:13:19.025000,10232.0,4653.0,1.0
2023-09-18T02:23:18.822000,10233.0,4654.0,1.0
2023-09-18T02:33:19.531000,10234.0,4655.0,1.0
2023-09-18T02:53:19.096000,10236.0,4657.0,2.0
2023-09-18T03:03:18.998000,10238.0,4659.0,2.0
2023-09-18T03:33:19.046000,10239.0,4660.0,1.0
2023-09-18T07:53:18.859000,10240.0,4661.0,1.0
2023-09-18T08:43:19.016000,10242.0,4663.0,2.0
2023-09-18T09:13:19.194000,10244.0,4665.0,2.0
2023-09-18T10:13:19.455000,10245.0,4666.0,1.0
2023-09-18T10:33:18.874000,10246.0,4667.0,1.0
2023-09-18T11:03:18.777000,10249.0,4670.0,3.0
2023-09-18T13:53:19.052000,10251.0,4672.0,2.0
2023-09-18T14:23:18.801000,10252.0,4673.0,1.0
2023-09-18T14:53:18.811000,10254.0,4675.0,2.0
2023-09-18T15:03:18.577000,10255.0,4676.0,1.0
2023-09-18T15:33:19.030000,10256.0,4677.0,1.0
2023-09-18T16:13:19.020000,10257.0,4678.0,1.0
2023-09-18T16:33:18.999000,10258.0,4679.0,1.0
2023-09-18T16:53:18.397000,10259.0,4680.0,1.0
2023-09-18T17:03:19.535000,10260.0,4681.0,1.0
2023-09-18T17:13:18.483000,10263.0,4684.0,3.0
2023-09-18T18:13:18.975000,10265.0,4686.0,2.0
2023-09-18T18:43:19.028000,10266.0,4687.0,1.0
2023-09-18T18:48:43.120000,10267.0,4688.0,1.0
2023-09-18T19:53:19.436000,10268.0,4689.0,1.0
2023-09-18T20:23:21.156000,10270.0,4691.0,2.0
2023-09-18T20:43:18.797000,10272.0,4693.0,2.0
2023-09-18T21:43:18.924000,10273.0,4694.0,1.0
2023-09-18T21:53:18.614000,10275.0,4696.0,2.0
2023-09-18T22:03:19.363000,10276.0,4697.0,1.0
2023-09-18T22:13:19.425000,10278.0,4699.0,2.0
2023-09-18T22:33:19.061000,10279.0,4700.0,1.0
2023-09-18T22:43:18.917000,10280.0,4701.0,1.0
2023-09-18T23:43:19.349000,10282.0,4703.0,2.0
2023-09-19T00:03:19.124000,10283.0,4704.0,1.0
2023-09-19T00:53:18.692000,10285.0,4706.0,2.0
2023-09-19T01:23:19.107000,10287.0,4708.0,2.0
2023-09-19T01:53:19.002000,10288.0,4709.0,1.0
2023-09-19T03:03:18.944000,10289.0,4710.0,1.0
2023-09-19T03:33:19.465000,10290.0,4711.0,1.0
2023-09-19T03:43:19.225000,10291.0,4712.0,1.0
2023-09-19T05:13:19.313000,10292.0,4713.0,1.0
2023-09-19T09:53:20.166000,10293.0,4714.0,1.0
2023-09-19T10:43:18.633000,10294.0,4715.0,1.0
2023-09-19T12:03:18.628000,10293.0,4714.0,-1.0
2023-09-19T14:03:18.739000,10294.0,4715.0,1.0
2023-09-19T15:13:18.676000,10295.0,4716.0,1.0
2023-09-19T21:43:19.471000,10296.0,4717.0,1.0
2023-09-19T22:53:20.288000,10297.0,4718.0,1.0
2023-09-19T23:53:19.201000,10298.0,4719.0,1.0
2023-09-20T00:23:19.201000,10299.0,4720.0,1.0
2023-09-20T00:53:18.464000,10300.0,4721.0,1.0
2023-09-20T01:43:18.796000,10301.0,4722.0,1.0
2023-09-20T02:03:18.627000,10304.0,4725.0,3.0
2023-09-20T12:13:19.045000,10305.0,4726.0,1.0
2023-09-20T12:43:19.003000,10306.0,4727.0,1.0
2023-09-20T13:43:19.501000,10308.0,4729.0,2.0
2023-09-20T13:53:18.972000,10309.0,4730.0,1.0
2023-09-20T14:13:19.124000,10310.0,4731.0,1.0
2023-09-20T15:23:18.899000,10311.0,4732.0,1.0
2023-09-20T15:43:18.870000,10312.0,4733.0,1.0
2023-09-20T16:53:19.250000,10313.0,4734.0,1.0
2023-09-20T17:33:18.729000,10315.0,4736.0,2.0
2023-09-20T17:43:18.740000,10325.0,4746.0,10.0
2023-09-20T17:53:18.720000,10330.0,4751.0,5.0
2023-09-20T18:03:19.191000,10329.0,4750.0,-1.0
2023-09-20T18:33:19.191000,10330.0,4751.0,1.0
2023-09-20T19:43:19.475000,10332.0,4753.0,2.0
2023-09-20T20:13:19.047000,10333.0,4754.0,1.0
2023-09-20T20:33:19.220000,10334.0,4755.0,1.0
2023-09-20T21:13:19.174000,10335.0,4756.0,1.0
2023-09-20T21:53:19.454000,10340.0,4761.0,5.0
2023-09-20T22:43:19.290000,10342.0,4763.0,2.0
2023-09-20T22:53:18.685000,10343.0,4764.0,1.0
2023-09-20T23:03:18.682000,10344.0,4765.0,1.0
2023-09-20T23:13:19.816000,10345.0,4766.0,1.0
2023-09-20T23:23:18.885000,10349.0,4770.0,4.0
2023-09-21T00:03:19.186000,10351.0,4772.0,2.0
2023-09-21T00:33:18.995000,10354.0,4775.0,3.0
2023-09-21T00:43:18.912000,10356.0,4777.0,2.0
2023-09-21T01:13:19.075000,10357.0,4778.0,1.0
2023-09-21T01:33:18.911000,10358.0,4779.0,1.0
2023-09-21T01:43:19.001000,10359.0,4780.0,1.0
2023-09-21T01:53:18.532000,10360.0,4781.0,1.0
2023-09-21T02:03:18.695000,10362.0,4783.0,2.0
2023-09-21T02:13:19.858000,10363.0,4784.0,1.0
2023-09-21T02:33:18.651000,10364.0,4785.0,1.0
2023-09-21T02:43:19.177000,10365.0,4786.0,1.0
2023-09-21T02:53:19.233000,10369.0,4790.0,4.0
2023-09-21T03:03:21.042000,10373.0,4794.0,4.0
2023-09-21T03:13:18.882000,10374.0,4795.0,1.0
2023-09-21T04:03:20.081000,10375.0,4796.0,1.0
2023-09-21T07:33:19.392000,10376.0,4797.0,1.0
2023-09-21T10:13:18.554000,10377.0,4798.0,1.0
2023-09-21T12:03:18.919000,10378.0,4799.0,1.0
2023-09-21T13:13:18.928000,10379.0,4800.0,1.0
2023-09-21T15:53:19.501000,10380.0,4801.0,1.0
2023-09-21T16:13:18.872000,10381.0,4802.0,1.0
2023-09-21T19:13:18.766000,10382.0,4803.0,1.0
2023-09-21T19:23:19.016000,10383.0,4804.0,1.0
2023-09-22T00:53:19.036000,10384.0,4805.0,1.0
2023-09-22T01:03:20.205000,10385.0,4806.0,1.0
2023-09-22T01:43:19.998000,10386.0,4807.0,1.0
2023-09-22T01:53:18.624000,10389.0,4810.0,3.0
2023-09-22T02:33:20.162000,10392.0,4813.0,3.0
2023-09-22T14:13:18.782000,10393.0,4814.0,1.0
2023-09-22T14:33:19.556000,10394.0,4815.0,1.0
2023-09-22T14:53:19.262000,10395.0,4816.0,1.0
2023-09-22T15:03:19.320000,10397.0,4818.0,2.0
2023-09-22T16:53:18.717000,10403.0,4824.0,6.0
2023-09-22T17:13:19.373000,10405.0,4826.0,2.0
2023-09-22T17:23:20.562000,10408.0,4829.0,3.0
2023-09-22T17:33:19.394000,10410.0,4831.0,2.0
2023-09-22T18:33:19.305000,10411.0,4832.0,1.0
2023-09-22T19:03:21.309000,10413.0,4834.0,2.0
2023-09-22T19:43:19.180000,10417.0,4838.0,4.0
2023-09-22T22:23:19.073000,10418.0,4839.0,1.0
2023-09-22T22:43:19.487000,10419.0,4840.0,1.0
2023-09-22T23:33:19.633000,10420.0,4841.0,1.0
2023-09-22T23:53:18.770000,10422.0,4843.0,2.0
2023-09-23T01:33:19.152000,10423.0,4844.0,1.0
2023-09-23T02:13:19.128000,10424.0,4845.0,1.0
2023-09-23T12:23:19.183000,10432.0,4853.0,8.0
2023-09-23T13:03:19.095000,10434.0,4855.0,2.0
2023-09-23T13:33:18.540000,10435.0,4856.0,1.0
2023-09-23T13:43:19.531000,10436.0,4857.0,1.0
2023-09-23T14:23:18.447000,10439.0,4860.0,3.0
2023-09-23T14:43:19.732000,10440.0,4861.0,1.0
2023-09-23T15:03:18.857000,10442.0,4863.0,2.0
2023-09-23T15:13:19.198000,10443.0,4864.0,1.0
2023-09-23T15:53:18.881000,10448.0,4869.0,5.0
2023-09-23T16:03:19.567000,10461.0,4882.0,13.0
2023-09-23T16:13:19.342000,10467.0,4888.0,6.0
2023-09-23T16:23:18.518000,10469.0,4890.0,2.0
2023-09-23T16:33:18.676000,10471.0,4892.0,2.0
2023-09-23T16:43:18.532000,10476.0,4897.0,5.0
2023-09-23T16:53:18.908000,10478.0,4899.0,2.0
2023-09-23T17:23:18.639000,10479.0,4900.0,1.0
2023-09-23T17:33:19.296000,10480.0,4901.0,1.0
2023-09-23T17:43:18.907000,10481.0,4902.0,1.0
2023-09-23T17:53:19.411000,10485.0,4906.0,4.0
2023-09-23T18:03:19.090000,10486.0,4907.0,1.0
2023-09-23T18:13:18.767000,10487.0,4908.0,1.0
2023-09-23T18:33:19.078000,10492.0,4913.0,5.0
2023-09-23T18:43:19.115000,10494.0,4915.0,2.0
2023-09-23T18:53:19.031000,10496.0,4917.0,2.0
2023-09-23T19:13:19.224000,10498.0,4919.0,2.0
2023-09-23T19:23:18.850000,10505.0,4926.0,7.0
2023-09-23T19:33:19.172000,10506.0,4927.0,1.0
2023-09-23T19:53:18.942000,10511.0,4932.0,5.0
2023-09-23T20:03:19.025000,10522.0,4943.0,11.0
2023-09-23T20:13:18.649000,10524.0,4945.0,2.0
2023-09-23T20:23:18.950000,10525.0,4946.0,1.0
2023-09-23T20:33:19.114000,10526.0,4947.0,1.0
2023-09-23T20:43:19.357000,10527.0,4948.0,1.0
2023-09-23T20:53:19.597000,10528.0,4949.0,1.0
2023-09-23T21:03:20.605000,10534.0,4955.0,6.0
2023-09-23T21:13:19.098000,10536.0,4957.0,2.0
2023-09-23T21:23:20.222000,10545.0,4966.0,9.0
2023-09-23T21:33:18.764000,10548.0,4969.0,3.0
2023-09-23T21:43:18.959000,10556.0,4977.0,8.0
2023-09-23T21:53:19.129000,10557.0,4978.0,1.0
2023-09-23T22:03:18.971000,10565.0,4986.0,8.0
2023-09-23T22:13:18.610000,10569.0,4990.0,4.0
2023-09-23T22:23:18.730000,10571.0,4992.0,2.0
2023-09-23T22:33:18.900000,10583.0,5004.0,12.0
2023-09-23T22:43:19.798000,10589.0,5010.0,6.0
2023-09-23T22:53:19.019000,10595.0,5016.0,6.0
2023-09-23T23:03:18.625000,10604.0,5025.0,9.0
2023-09-23T23:09:23.626000,10613.0,5034.0,9.0
2023-09-23T23:23:23.083000,10624.0,5045.0,11.0
2023-09-23T23:33:19.029000,10626.0,5047.0,2.0
2023-09-23T23:43:18.506000,10634.0,5055.0,8.0
2023-09-23T23:53:18.615000,10647.0,5068.0,13.0
2023-09-24T00:03:18.396000,10669.0,5090.0,22.0
2023-09-24T00:13:18.554000,10672.0,5093.0,3.0
2023-09-24T00:23:18.414000,10673.0,5094.0,1.0
2023-09-24T00:33:19.513000,10677.0,5098.0,4.0
2023-09-24T00:43:18.623000,10678.0,5099.0,1.0
2023-09-24T00:53:18.773000,10681.0,5102.0,3.0
2023-09-24T01:03:20.932000,10682.0,5103.0,1.0
2023-09-24T01:23:18.503000,10685.0,5106.0,3.0
2023-09-24T01:33:20.377000,10686.0,5107.0,1.0
2023-09-24T01:43:18.536000,10687.0,5108.0,1.0
2023-09-24T01:53:18.976000,10688.0,5109.0,1.0
2023-09-24T02:03:18.567000,10691.0,5112.0,3.0
2023-09-24T02:13:18.730000,10692.0,5113.0,1.0
2023-09-24T02:23:19.430000,10693.0,5114.0,1.0
2023-09-24T02:43:18.935000,10696.0,5117.0,3.0
2023-09-24T02:53:18.545000,10716.0,5137.0,20.0
2023-09-24T03:03:18.581000,10726.0,5147.0,10.0
2023-09-24T03:23:18.678000,10729.0,5150.0,3.0
2023-09-24T03:43:18.592000,10730.0,5151.0,1.0
2023-09-24T03:53:18.607000,10731.0,5152.0,1.0
2023-09-24T04:03:18.694000,10735.0,5156.0,4.0
2023-09-24T04:13:19.013000,10739.0,5160.0,4.0
2023-09-24T04:23:18.877000,10740.0,5161.0,1.0
2023-09-24T04:33:18.865000,10748.0,5169.0,8.0
2023-09-24T04:43:19.064000,10752.0,5173.0,4.0
2023-09-24T05:03:19.626000,10751.0,5172.0,-1.0
2023-09-24T05:23:19.227000,10752.0,5173.0,1.0
2023-09-24T05:33:18.790000,10753.0,5174.0,1.0
2023-09-24T05:53:18.846000,10754.0,5175.0,1.0
2023-09-24T06:03:18.713000,10755.0,5176.0,1.0
2023-09-24T06:23:19.293000,10756.0,5177.0,1.0
2023-09-24T09:53:18.985000,10757.0,5178.0,1.0
2023-09-24T10:03:19.103000,10761.0,5182.0,4.0
2023-09-24T10:13:19.675000,10776.0,5197.0,15.0
2023-09-24T10:33:19.019000,10781.0,5202.0,5.0
2023-09-24T10:35:31.979000,10783.0,5204.0,2.0
2023-09-24T10:43:18.549000,10784.0,5205.0,1.0
2023-09-24T10:53:19.824000,10787.0,5208.0,3.0
2023-09-24T11:03:18.400000,10791.0,5212.0,4.0
2023-09-24T11:13:19.379000,10792.0,5213.0,1.0
2023-09-24T11:23:18.465000,10795.0,5216.0,3.0
2023-09-24T11:33:18.816000,10796.0,5217.0,1.0
2023-09-24T11:43:18.477000,10800.0,5221.0,4.0
2023-09-24T11:53:18.825000,10802.0,5223.0,2.0
2023-09-24T12:03:18.534000,10804.0,5225.0,2.0
2023-09-24T12:23:18.956000,10811.0,5232.0,7.0
2023-09-24T12:33:18.457000,10814.0,5235.0,3.0
2023-09-24T12:43:18.554000,10822.0,5243.0,8.0
2023-09-24T12:53:19.084000,10823.0,5244.0,1.0
2023-09-24T13:03:18.980000,10832.0,5253.0,9.0
2023-09-24T13:13:18.665000,10836.0,5257.0,4.0
2023-09-24T13:23:18.481000,10840.0,5261.0,4.0
2023-09-24T13:33:08.595000,10844.0,5265.0,4.0
2023-09-24T13:43:19.021000,10846.0,5267.0,2.0
2023-09-24T13:53:18.662000,10848.0,5269.0,2.0
2023-09-24T14:03:19.053000,10851.0,5272.0,3.0
2023-09-24T14:13:18.391000,10854.0,5275.0,3.0
2023-09-24T14:23:18.880000,10856.0,5277.0,2.0
2023-09-24T14:33:18.719000,10858.0,5279.0,2.0
2023-09-24T14:43:18.729000,10864.0,5285.0,6.0
2023-09-24T14:53:19.257000,10871.0,5292.0,7.0
2023-09-24T15:03:18.842000,10884.0,5305.0,13.0
2023-09-24T15:13:18.804000,10885.0,5306.0,1.0
2023-09-24T15:23:18.542000,10887.0,5308.0,2.0
2023-09-24T15:33:19.010000,10895.0,5316.0,8.0
2023-09-24T15:43:18.842000,10897.0,5318.0,2.0
2023-09-24T15:53:18.524000,10907.0,5328.0,10.0
2023-09-24T16:03:18.953000,10910.0,5331.0,3.0
2023-09-24T16:13:18.708000,10915.0,5336.0,5.0
2023-09-24T16:23:18.831000,10918.0,5339.0,3.0
2023-09-24T16:33:19.928000,10923.0,5344.0,5.0
2023-09-24T16:43:19.099000,10948.0,5369.0,25.0
2023-09-24T16:53:19.257000,10953.0,5374.0,5.0
2023-09-24T17:03:19.031000,10964.0,5385.0,11.0
2023-09-24T17:13:18.639000,10969.0,5390.0,5.0
2023-09-24T17:23:18.748000,10974.0,5395.0,5.0
2023-09-24T17:33:19.589000,10976.0,5397.0,2.0
2023-09-24T17:43:18.526000,10984.0,5405.0,8.0
2023-09-24T17:53:18.694000,10995.0,5416.0,11.0
2023-09-24T18:04:03.630000,11000.0,5421.0,5.0
2023-09-24T18:13:18.952000,11008.0,5429.0,8.0
2023-09-24T18:23:19.054000,11009.0,5430.0,1.0
2023-09-24T18:33:19.266000,11013.0,5434.0,4.0
2023-09-24T18:43:18.363000,11012.0,5433.0,-1.0
2023-09-24T18:53:18.447000,11020.0,5441.0,8.0
2023-09-24T19:03:18.480000,11021.0,5442.0,1.0
2023-09-24T19:33:19.169000,11034.0,5455.0,13.0
2023-09-24T19:43:18.495000,11039.0,5460.0,5.0
2023-09-24T19:53:19.080000,11040.0,5461.0,1.0
2023-09-24T20:03:18.621000,11041.0,5462.0,1.0
2023-09-24T20:13:19.201000,11042.0,5463.0,1.0
2023-09-24T20:33:19.108000,11043.0,5464.0,1.0
2023-09-24T21:03:18.545000,11044.0,5465.0,1.0
2023-09-24T21:23:18.976000,11046.0,5467.0,2.0
2023-09-24T21:52:14.447000,11047.0,5468.0,1.0
2023-09-24T22:03:19.235000,11045.0,5466.0,-2.0
2023-09-24T22:13:18.840000,11050.0,5471.0,5.0
2023-09-24T22:23:18.916000,11051.0,5472.0,1.0
2023-09-24T22:53:18.507000,11053.0,5474.0,2.0
2023-09-24T23:13:18.684000,11054.0,5475.0,1.0
2023-09-24T23:33:18.972000,11058.0,5479.0,4.0
2023-09-25T00:03:18.910000,11059.0,5480.0,1.0
2023-09-25T01:03:19.015000,11062.0,5483.0,3.0
2023-09-25T01:13:19.268000,11063.0,5484.0,1.0
2023-09-25T01:53:19.122000,11065.0,5486.0,2.0
2023-09-25T02:03:19.868000,11066.0,5487.0,1.0
2023-09-25T03:43:18.480000,11067.0,5488.0,1.0
2023-09-25T12:23:18.493000,11068.0,5489.0,1.0
2023-09-25T13:13:18.365000,11069.0,5490.0,1.0
2023-09-25T13:23:18.385000,11070.0,5491.0,1.0
2023-09-25T14:03:19.130000,11072.0,5493.0,2.0
2023-09-25T15:53:19.171000,11073.0,5494.0,1.0
2023-09-25T16:13:18.975000,11074.0,5495.0,1.0
2023-09-25T16:23:18.979000,11075.0,5496.0,1.0
2023-09-25T16:33:19.768000,11076.0,5497.0,1.0
2023-09-25T17:43:19.212000,11077.0,5498.0,1.0
2023-09-25T17:53:18.767000,11079.0,5500.0,2.0
2023-09-25T18:03:19.699000,11080.0,5501.0,1.0
2023-09-25T18:13:19.589000,11081.0,5502.0,1.0
2023-09-25T18:43:19.268000,11082.0,5503.0,1.0
2023-09-25T19:30:48.128000,11084.0,5505.0,2.0
2023-09-25T20:03:19.349000,11085.0,5506.0,1.0
2023-09-25T20:33:18.729000,11086.0,5507.0,1.0
2023-09-25T21:43:21.598000,11087.0,5508.0,1.0
2023-09-25T22:53:18.775000,11088.0,5509.0,1.0
2023-09-25T23:13:19.169000,11091.0,5512.0,3.0
2023-09-25T23:23:19.918000,11093.0,5514.0,2.0
