timestamp,action,sheet,cell,new_value,editor_id
2023-08-30T09:16:55.041000,Edit,History,AO197,No,G0196
2023-08-30T09:16:59.055000,Edit,Updates-Students,AQ197,Yes,G0196
2023-08-30T09:24:38.768000,Edit,Updates-Students,AX215,340.0,G0185
2023-08-30T09:30:30.805000,Edit,Updates-Students,AX215,N/A,G0185
2023-08-30T09:30:35.781000,Edit,Updates-Students,AX215,320.99,G0185
2023-08-30T09:41:13.464000,Edit,Updates-Mentors,Q40,Yes,M05
2023-08-30T09:41:14.746000,Edit,Updates-Mentors,R40,Yes,M05
2023-08-30T09:41:16.953000,Edit,Updates-Mentors,S40,Yes,M05
2023-08-30T09:41:18.690000,Edit,Updates-Mentors,T40,Yes,M05
2023-08-30T09:41:19.856000,Edit,Updates-Mentors,U40,Yes,M05
2023-08-30T09:41:21.677000,Edit,Updates-Mentors,V40,Yes,M05
2023-08-30T09:41:28.343000,Edit,Updates-Mentors,W40,Yes,M05
2023-08-30T09:41:30.367000,Edit,Updates-Mentors,X40,Yes,M05
2023-08-30T09:41:31.680000,Edit,Updates-Mentors,Y40,Yes,M05
2023-08-30T09:41:33.213000,Edit,Updates-Mentors,Z40,Yes,M05
2023-08-30T09:41:34.896000,Edit,Updates-Mentors,AA40,Yes,M05
2023-08-30T09:41:37.151000,Edit,Updates-Mentors,AB40,Yes,M05
2023-08-30T09:41:38.377000,Edit,Updates-Mentors,AC40,Yes,M05
2023-08-30T09:41:40.057000,Edit,Updates-Mentors,AD40,Yes,M05
2023-08-30T09:41:43.035000,Edit,Updates-Mentors,AE40,Yes,M05
2023-08-30T09:41:44.798000,Edit,Updates-Mentors,AF40,Yes,M05
2023-08-30T09:41:46.056000,Edit,Updates-Mentors,AG40,Yes,M05
2023-08-30T09:41:48.676000,Edit,Updates-Mentors,AI40,Yes,M05
2023-08-30T09:41:49.889000,Edit,Updates-Mentors,AJ40,Yes,M05
2023-08-30T09:41:58.445000,Edit,Updates-Mentors,AK40,Yes,M05
2023-08-30T09:41:59.968000,Edit,Updates-Mentors,AL40,Yes,M05
2023-08-30T09:42:01.346000,Edit,Updates-Mentors,AM40,Yes,M05
2023-08-30T09:42:04.316000,Edit,Updates-Mentors,AN40,Yes,M05
2023-08-30T09:42:06.130000,Edit,Updates-Mentors,AO40,Yes,M05
2023-08-30T09:42:08.019000,Edit,Updates-Mentors,AP40,Yes,M05
2023-08-30T09:42:09.808000,Edit,Updates-Mentors,AQ40,Yes,M05
2023-08-30T09:42:14.304000,Edit,Updates-Mentors,AR40,Yes,M05
2023-08-30T09:42:15.664000,Edit,Updates-Mentors,AS40,Yes,M05
2023-08-30T09:42:17.394000,Edit,Updates-Mentors,AT40,Yes,M05
2023-08-30T09:42:18.992000,Edit,Updates-Mentors,AU40,Yes,M05
2023-08-30T09:42:21.119000,Edit,Updates-Mentors,AV40,Yes,M05
2023-08-30T09:45:22.323000,Edit,Updates-Students,AZ101,Yes,G0171
2023-08-30T09:45:35.376000,Edit,Updates-Students,AI43,Yes,G0113
2023-08-30T09:46:00.788000,Edit,Updates-Mentors,AM53,Yes,M05
2023-08-30T09:46:07.660000,Edit,Updates-Mentors,AN53,Yes,M05
2023-08-30T09:46:09.509000,Edit,Updates-Mentors,AO53,Yes,M05
2023-08-30T09:46:11.357000,Edit,Updates-Mentors,AP53,Yes,M05
2023-08-30T09:46:23.801000,Edit,Updates-Mentors,AQ53,Yes,M05
2023-08-30T09:46:25.384000,Edit,Updates-Mentors,AR53,Yes,M05
2023-08-30T09:46:27.578000,Edit,Updates-Mentors,AS53,Yes,M05
2023-08-30T09:46:28.938000,Edit,Updates-Mentors,AT53,Yes,M05
2023-08-30T09:47:14.252000,Edit,Updates-Mentors,AU53,Yes,M05
2023-08-30T09:47:16.050000,Edit,Updates-Mentors,AV53,Yes,M05
2023-08-30T09:47:22.669000,Edit,Updates-Mentors,AW53,Yes,M05
2023-08-30T09:47:29.803000,Edit,Updates-Mentors,AY53,Yes,M05
2023-08-30T09:47:31.904000,Edit,Updates-Mentors,AZ53,Yes,M05
2023-08-30T09:47:35.220000,Edit,Updates-Mentors,BA53,Yes,M05
2023-08-30T09:49:04.153000,Edit,Updates-Mentors,Q46,Yes,M05
2023-08-30T09:49:05.369000,Edit,Updates-Mentors,R46,Yes,M05
2023-08-30T09:49:06.839000,Edit,Updates-Mentors,S46,Yes,M05
2023-08-30T09:49:09.262000,Edit,Updates-Mentors,U46,Yes,M05
2023-08-30T09:49:10.501000,Edit,Updates-Mentors,V46,Yes,M05
2023-08-30T09:49:49.279000,Edit,Updates-Mentors,W46:AW46,N/A,M05
2023-08-30T09:50:19.150000,Edit,Updates-Mentors,Q47:AW47,N/A,M05
2023-08-30T09:50:28.678000,Edit,Updates-Mentors,AW47,No,M05
2023-08-30T09:50:30.626000,Edit,Updates-Mentors,AV47,No,M05
2023-08-30T09:51:18.187000,Edit,Updates-Mentors,AP47,No,M05
2023-08-30T09:53:33.570000,Edit,Updates-Mentors,Q52,Yes,M05
2023-08-30T10:39:00.355000,Edit,Updates-Students,AY24,Yes,G0094
2023-08-30T11:33:00.463000,Edit,Updates-Mentors,U29,Yes,M06
2023-08-30T11:33:03.923000,Edit,Updates-Mentors,V29,Yes,M06
2023-08-30T11:33:05.293000,Edit,Updates-Mentors,W29,Yes,M06
2023-08-30T11:33:06.684000,Edit,Updates-Mentors,X29,Yes,M06
2023-08-30T11:33:08.137000,Edit,Updates-Mentors,Y29,Yes,M06
2023-08-30T11:33:09.520000,Edit,Updates-Mentors,Z29,Yes,M06
2023-08-30T11:33:12.419000,Edit,Updates-Mentors,AB29,Yes,M06
2023-08-30T11:33:13.464000,Edit,Updates-Mentors,AC29,Yes,M06
2023-08-30T11:33:15.182000,Edit,Updates-Mentors,AE29,Yes,M06
2023-08-30T11:33:16.442000,Edit,Updates-Mentors,AF29,Yes,M06
2023-08-30T11:33:18.959000,Edit,Updates-Mentors,AG29,Yes,M06
2023-08-30T11:33:20.191000,Edit,Updates-Mentors,AH29,Yes,M06
2023-08-30T11:33:21.875000,Edit,Updates-Mentors,AJ29,Yes,M06
2023-08-30T11:33:23.464000,Edit,Updates-Mentors,AK29,Yes,M06
2023-08-30T11:33:25.189000,Edit,Updates-Mentors,AL29,Yes,M06
2023-08-30T11:33:26.936000,Edit,Updates-Mentors,AM29,Yes,M06
2023-08-30T11:33:28.307000,Edit,Updates-Mentors,AN29,Yes,M06
2023-08-30T11:33:30.633000,Edit,Updates-Mentors,AO29,Yes,M06
2023-08-30T11:33:33.872000,Edit,Updates-Mentors,AS29,Yes,M06
2023-08-30T11:33:38.606000,Edit,Updates-Mentors,AT29,Yes,M06
2023-08-30T11:33:42.267000,Edit,Updates-Mentors,AU29,Yes,M06
2023-08-30T11:33:55.664000,Edit,Updates-Mentors,AW24,Yes,M06
2023-08-30T11:33:56.871000,Edit,Updates-Mentors,AW25,Yes,M06
2023-08-30T11:34:01.423000,Edit,Updates-Mentors,AL24,Yes,M06
2023-08-30T11:34:02.333000,Edit,Updates-Mentors,AL25,Yes,M06
2023-08-30T11:34:03.749000,Edit,Updates-Mentors,AM24,Yes,M06
2023-08-30T11:34:05.351000,Edit,Updates-Mentors,AN24,Yes,M06
2023-08-30T11:34:06.595000,Edit,Updates-Mentors,AN25,Yes,M06
2023-08-30T11:34:08.262000,Edit,Updates-Mentors,AO25,Yes,M06
2023-08-30T11:34:09.715000,Edit,Updates-Mentors,AP24,Yes,M06
2023-08-30T11:34:11.949000,Edit,Updates-Mentors,AQ24,Yes,M06
2023-08-30T11:34:13.907000,Edit,Updates-Mentors,AR24,Yes,M06
2023-08-30T11:34:15.620000,Edit,Updates-Mentors,AR25,Yes,M06
2023-08-30T11:34:18.125000,Edit,Updates-Mentors,AT25,Yes,M06
2023-08-30T11:34:20.439000,Edit,Updates-Mentors,AU24,Yes,M06
2023-08-30T11:34:22.691000,Edit,Updates-Mentors,AV24,Yes,M06
2023-08-30T11:34:23.370000,Edit,Updates-Mentors,AV25,Yes,M06
2023-08-30T11:38:07.706000,Edit,Updates-Students,AI102,Yes,G0172
2023-08-30T11:39:44.810000,Edit,Updates-Students,BF80,Yes,G0150
2023-08-30T11:45:31.359000,Edit,Updates-Mentors,AI171,Yes,M07
2023-08-30T11:45:34.307000,Edit,Updates-Mentors,AL171,Yes,M07
2023-08-30T11:45:49.032000,Edit,Updates-Mentors,AM171,Yes,M07
2023-08-30T11:45:50.213000,Edit,Updates-Mentors,AN171,Yes,M07
2023-08-30T11:45:52.376000,Edit,Updates-Mentors,AO171,Yes,M07
2023-08-30T11:45:54.196000,Edit,Updates-Mentors,AQ171,Yes,M07
2023-08-30T11:45:59.765000,Edit,Updates-Mentors,AR171,Yes,M07
2023-08-30T11:46:04.595000,Edit,Updates-Mentors,AS171,Yes,M07
2023-08-30T11:46:07.666000,Edit,Updates-Mentors,AT171,Yes,M07
2023-08-30T11:46:09.464000,Edit,Updates-Mentors,AU171,Yes,M07
2023-08-30T11:46:11.278000,Edit,Updates-Mentors,AV171,Yes,M07
2023-08-30T11:46:29.866000,Edit,Updates-Mentors,T171,Yes,M07
2023-08-30T11:46:32.478000,Edit,Updates-Mentors,W171,Yes,M07
2023-08-30T11:50:11.472000,Edit,Updates-Mentors,AW20,Yes,M06
2023-08-30T11:50:13.379000,Edit,Updates-Mentors,AV20,Yes,M06
2023-08-30T11:50:13.813000,Edit,Updates-Mentors,AU20,Yes,M06
2023-08-30T11:50:15.558000,Edit,Updates-Mentors,AT20,Yes,M06
2023-08-30T11:50:17.474000,Edit,Updates-Mentors,AR20,Yes,M06
2023-08-30T11:50:19.190000,Edit,Updates-Mentors,AQ20,Yes,M06
2023-08-30T11:50:22.214000,Edit,Updates-Mentors,AN20,Yes,M06
2023-08-30T11:50:24.786000,Edit,Updates-Mentors,AL20,Yes,M06
2023-08-30T11:50:43.985000,Edit,Updates-Mentors,AU161,Yes,M07
2023-08-30T11:51:15.165000,Edit,Updates-Mentors,AN161,Yes,M07
2023-08-30T11:51:17.616000,Edit,Updates-Mentors,AQ161,Yes,M07
2023-08-30T11:51:19.409000,Edit,Updates-Mentors,AR161,Yes,M07
2023-08-30T11:51:21.237000,Edit,Updates-Mentors,AS161,Yes,M07
2023-08-30T11:51:23.799000,Edit,Updates-Mentors,AT161,Yes,M07
2023-08-30T11:51:26.648000,Edit,Updates-Mentors,AU161,No,M07
2023-08-30T11:51:36.686000,Edit,Updates-Mentors,AT161,No,M07
2023-08-30T11:51:38.461000,Edit,Updates-Mentors,AS161,No,M07
2023-08-30T11:52:03.115000,Edit,Updates-Mentors,AL161,Yes,M07
2023-08-30T11:52:03.895000,Edit,Updates-Mentors,AM161,Yes,M07
2023-08-30T11:52:25.087000,Edit,Updates-Mentors,AM162,Yes,M07
2023-08-30T11:52:26.274000,Edit,Updates-Mentors,AN162,Yes,M07
2023-08-30T11:52:27.808000,Edit,Updates-Mentors,AO162,Yes,M07
2023-08-30T11:52:29.552000,Edit,Updates-Mentors,AP162,Yes,M07
2023-08-30T11:52:31.239000,Edit,Updates-Mentors,AQ162,Yes,M07
2023-08-30T11:52:32.845000,Edit,Updates-Mentors,AR162,Yes,M07
2023-08-30T11:52:46.929000,Edit,Updates-Mentors,AS162,Yes,M07
2023-08-30T11:52:53.621000,Edit,Updates-Mentors,AT162,Yes,M07
2023-08-30T11:53:00.950000,Edit,Updates-Mentors,AU162,Yes,M07
2023-08-30T12:00:00.271000,Edit,Updates-Mentors,AW163,Yes,M07
2023-08-30T12:00:24.574000,Edit,Updates-Mentors,AI164,Yes,M07
2023-08-30T12:01:26.658000,Edit,Updates-Mentors,Y165,Yes,M07
2023-08-30T12:01:34.860000,Edit,Updates-Mentors,AN165,Yes,M07
2023-08-30T12:01:42.073000,Edit,Updates-Mentors,AO165,Yes,M07
2023-08-30T12:01:44.089000,Edit,Updates-Mentors,AQ165,Yes,M07
2023-08-30T12:01:45.958000,Edit,Updates-Mentors,AT165,Yes,M07
2023-08-30T12:01:47.671000,Edit,Updates-Mentors,AU165,Yes,M07
2023-08-30T12:03:23.684000,Edit,Updates-Mentors,AO166,Yes,M07
2023-08-30T12:03:25.671000,Edit,Updates-Mentors,AP166,Yes,M07
2023-08-30T12:03:27.900000,Edit,Updates-Mentors,AQ166,Yes,M07
2023-08-30T12:03:30.564000,Edit,Updates-Mentors,AT166,Yes,M07
2023-08-30T12:03:32.389000,Edit,Updates-Mentors,AU166,Yes,M07
2023-08-30T12:03:34.047000,Edit,Updates-Mentors,AW166,Yes,M07
2023-08-30T12:05:12.843000,Edit,Updates-Mentors,Y170,Yes,M07
2023-08-30T12:05:21.077000,Edit,Updates-Students,AV29,Yes,G0099
2023-08-30T12:05:24.560000,Edit,Updates-Mentors,AM170,Yes,M07
2023-08-30T12:05:26.843000,Edit,Updates-Mentors,AN170,Yes,M07
2023-08-30T12:05:29.474000,Edit,Updates-Mentors,AO170,Yes,M07
2023-08-30T12:05:31.423000,Edit,Updates-Mentors,AP170,Yes,M07
2023-08-30T12:05:45.257000,Edit,Updates-Students,AW29,Yes,G0099
2023-08-30T12:05:55.576000,Edit,Updates-Students,AW29,No,G0099
2023-08-30T12:06:04.211000,Edit,Updates-Students,AX29,Yes,G0099
2023-08-30T12:06:25.078000,Edit,Updates-Students,BB123,Yes,G0038
2023-08-30T12:06:48.862000,Edit,Updates-Mentors,AQ170,Yes,M07
2023-08-30T12:06:51.040000,Edit,Updates-Mentors,AR170,Yes,M07
2023-08-30T12:06:54.554000,Edit,Updates-Students,AX29,No,G0099
2023-08-30T12:28:49.550000,Edit,Updates-Students,BD123,Yes,G0038
2023-08-30T12:31:20.165000,Edit,Updates-Students,AO115,Yes,G0030
2023-08-30T12:49:30.674000,Edit,Updates-Students,AP115,Yes,G0030
2023-08-30T12:55:22.718000,Edit,Updates-Students,AJ153,N/A,XE001
2023-08-30T12:55:25.197000,Edit,Updates-Students,AJ153,No,XE001
2023-08-30T13:25:52.179000,Edit,Updates-Mentors,BK177,Yes,M07
2023-08-30T13:25:55.577000,Edit,Updates-Mentors,BL177,Yes,M07
2023-08-30T13:26:45.237000,Edit,Updates-Mentors,AZ178,Yes,M07
2023-08-30T13:27:26.686000,Edit,Updates-Mentors,AO176,Yes,M07
2023-08-30T13:27:28.629000,Edit,Updates-Mentors,AP176,Yes,M07
2023-08-30T13:27:30.838000,Edit,Updates-Mentors,AS176,Yes,M07
2023-08-30T13:29:54.739000,Edit,Updates-Mentors,Z174,Yes,M07
2023-08-30T13:29:56.612000,Edit,Updates-Mentors,AA174,Yes,M07
2023-08-30T13:29:59.508000,Edit,Updates-Mentors,AB174,Yes,M07
2023-08-30T13:30:12.347000,Edit,Updates-Mentors,AF174,Yes,M07
2023-08-30T13:30:13.905000,Edit,Updates-Mentors,AG174,Yes,M07
2023-08-30T13:30:32.497000,Edit,Updates-Mentors,AJ174,Yes,M07
2023-08-30T13:30:34.422000,Edit,Updates-Mentors,AK174,Yes,M07
2023-08-30T13:30:37.276000,Edit,Updates-Mentors,AL174,Yes,M07
2023-08-30T13:30:40.232000,Edit,Updates-Mentors,AM174,Yes,M07
2023-08-30T13:31:39.186000,Edit,Updates-Students,F106,Yes,G0001
2023-08-30T13:31:45.360000,Edit,Updates-Students,G106,Yes,G0001
2023-08-30T13:31:50.717000,Edit,Updates-Students,H106,Yes,G0001
2023-08-30T13:31:55.557000,Edit,Updates-Students,I106,Yes,G0001
2023-08-30T13:31:58.480000,Edit,Updates-Students,J106,Yes,G0001
2023-08-30T13:32:02.492000,Edit,Updates-Students,K106,Yes,G0001
2023-08-30T13:32:09.370000,Edit,Updates-Students,L106,Yes,G0001
2023-08-30T13:32:14.669000,Edit,Updates-Students,M106,Yes,G0001
2023-08-30T13:32:20.869000,Edit,Updates-Students,N106,Yes,G0001
2023-08-30T13:32:26.048000,Edit,Updates-Students,O106,Yes,G0001
2023-08-30T13:32:33.018000,Edit,Updates-Students,P106,Yes,G0001
2023-08-30T13:32:37.684000,Edit,Updates-Students,Q106,Yes,G0001
2023-08-30T13:32:42.814000,Edit,Updates-Students,R106,Yes,G0001
2023-08-30T13:32:51.691000,Edit,Updates-Students,S106,Yes,G0001
2023-08-30T13:32:54.256000,Edit,Updates-Students,T106,Yes,G0001
2023-08-30T13:32:59.452000,Edit,Updates-Students,U106,Yes,G0001
2023-08-30T13:33:05.916000,Edit,Updates-Students,V106,Yes,G0001
2023-08-30T13:33:10.614000,Edit,Updates-Students,W106,Yes,G0001
2023-08-30T13:33:13.141000,Edit,Updates-Students,X106,Yes,G0001
2023-08-30T13:33:17.607000,Edit,Updates-Students,Y106,Yes,G0001
2023-08-30T13:33:23.144000,Edit,Updates-Students,AA106,Yes,G0001
2023-08-30T13:33:28.194000,Edit,Updates-Mentors,AM167,Yes,M07
2023-08-30T13:33:30.276000,Edit,Updates-Mentors,AN167,Yes,M07
2023-08-30T13:33:30.912000,Edit,Updates-Mentors,AO167,Yes,M07
2023-08-30T13:33:35.404000,Edit,Updates-Mentors,AQ167,Yes,M07
2023-08-30T13:33:39.584000,Edit,Updates-Mentors,AS167,Yes,M07
2023-08-30T13:33:43.155000,Edit,Updates-Mentors,AT167,Yes,M07
2023-08-30T13:33:47.162000,Edit,Updates-Students,AB106,Yes,G0001
2023-08-30T13:33:51.701000,Edit,Updates-Students,AC106,Yes,G0001
2023-08-30T13:33:57.147000,Edit,Updates-Students,AD106,Yes,G0001
2023-08-30T13:34:02.733000,Edit,Updates-Students,AE106,Yes,G0001
2023-08-30T13:34:07.938000,Edit,Updates-Students,AF106,Yes,G0001
2023-08-30T13:34:13.511000,Edit,Updates-Students,AG106,Yes,G0001
2023-08-30T13:35:39.996000,Edit,Updates-Students,AV35,Yes,G0105
2023-08-30T14:02:15.967000,Edit,Updates-Students,AF8,Yes,G0008
2023-08-30T14:05:22.009000,Edit,Log,D454:D462,N/A,XE001
2023-08-30T14:08:01.283000,Edit,Updates-Students,AX215,N/A,XE001
2023-08-31T09:29:07.949000,Edit,Log,D463:D498,N/A,XE001
2023-08-31T20:06:26.015000,Edit,Dashboard-Students,F101,Average,XE001
2023-08-31T20:06:33.451000,Edit,Dashboard-Students,F102:F140,N/A,XE001
2023-08-31T20:06:38.282000,Edit,Dashboard-Students,F101,Needs Improvement,XE001
2023-08-31T20:06:44.894000,Edit,Dashboard-Students,F102:F140,N/A,XE001
2023-08-31T20:07:01.800000,Edit,Dashboard-Students,F141:F180,N/A,XE001
2023-08-31T20:15:03.921000,Edit,Dashboard-Students,G1,#DIV/0!,XE001
2023-08-31T20:15:14.183000,Edit,Dashboard-Students,G2,#DIV/0!,XE001
2023-08-31T20:15:31.946000,Edit,Dashboard-Students,E2,Way above Average,XE001
2023-08-31T20:15:34.114000,Edit,Dashboard-Students,E3:E212,N/A,XE001
2023-08-31T22:01:59.383000,Edit,Dashboard-Students,E2,Way above Average,XE001
2023-08-31T22:02:34.763000,Edit,Dashboard-Students,E2,Way above Average,XE001
2023-08-31T22:03:01.068000,Edit,Dashboard-Students,E2,Way above Average,XE001
2023-08-31T22:03:03.592000,Edit,Dashboard-Students,E3:E212,N/A,XE001
2023-08-31T22:14:25.262000,Edit,Dashboard-Students,E2,Way above Average,XE001
2023-08-31T22:14:28.166000,Edit,Dashboard-Students,E3:E212,N/A,XE001
2023-08-31T22:15:43.891000,Edit,Log,D499:D521,N/A,XE001
2023-08-31T22:21:49.908000,Edit,Dashboard-Students,E1,N/A,XE001
2023-08-31T22:22:13.908000,Edit,Dashboard-Students,F2:F212,N/A,XE001
2023-08-31T22:22:29.962000,Edit,Dashboard-Students,F1,#REF!,XE001
2023-08-31T22:22:32.584000,Edit,Dashboard-Students,F2:F212,N/A,XE001
2023-08-31T22:23:12.936000,Edit,Dashboard-Students,F1:F1000,N/A,XE001
2023-08-31T22:23:31.100000,Edit,Dashboard-Mentors,F1:F1000,N/A,XE001
2023-08-31T22:30:55.668000,Edit,Log,M2,0.0,XE001
2023-08-31T22:31:01.508000,Edit,Log,M3:M498,N/A,XE001
2023-08-31T22:31:12.376000,Edit,Log,M2,0.0,XE001
2023-08-31T22:31:30.123000,Edit,Log,M3,0.0,XE001
2023-08-31T22:31:34.134000,Edit,Log,M2,0.0,XE001
2023-08-31T22:31:37.158000,Edit,Log,M4:M498,N/A,XE001
2023-08-31T22:31:45.897000,Edit,Log,M499:M522,N/A,XE001
2023-09-01T15:45:18.272000,Edit,Log,D522:D544,N/A,XE001
2023-09-01T15:45:27.442000,Edit,Log,D545:D567,N/A,XE001
2023-09-01T21:13:27.949000,Edit,Log,D568:D576,N/A,XE001
2023-09-02T10:30:27.838000,Edit,Log,N2,Correlation Coeff,XE001
2023-09-02T10:30:48.790000,Edit,Log,O2,#DIV/0!,XE001
2023-09-02T10:32:09.542000,Edit,Log,O3,#N/A,XE001
2023-09-02T10:32:13.562000,Edit,Log,N3,Slope,XE001
2023-09-02T12:12:26.941000,Edit,Updates-Students,AX53,No,XE001
2023-09-02T14:18:07.321000,Edit,Updates-Students,B106,G0001,XE001
2023-09-02T14:18:15.983000,Edit,Updates-Students,C106,G0001,XE001
2023-09-02T14:35:11.658000,Edit,Updates-Students,B99,N/A,XE001
2023-09-02T15:11:23.294000,Edit,Dashboard-Students,B205,N/A,XE001
2023-09-02T15:11:31.102000,Edit,Updates-Students,B99,N/A,XE001
2023-09-02T16:28:41.888000,Edit,Dashboard-Students,E192,Way above Average,XE001
2023-09-02T16:28:59.574000,Edit,Dashboard-Students,E2,N/A,XE001
2023-09-02T16:29:10.942000,Edit,Dashboard-Students,E2,N/A,XE001
2023-09-02T16:29:18.373000,Edit,Dashboard-Students,E2,Way above Average,XE001
2023-09-02T16:29:20.917000,Edit,Dashboard-Students,E3:E212,N/A,XE001
2023-09-02T19:06:57.577000,Edit,Log,D577:D615,N/A,XE001
2023-09-02T19:07:34.156000,Edit,Progress,C20,N/A,XE001
2023-09-02T19:07:50.210000,Edit,Progress,C20,Slope of the Line of Progress,XE001
2023-09-02T19:07:52.400000,Edit,Progress,D20,N/A,XE001
2023-09-02T19:08:39.438000,Edit,Progress,D20,0.007041531512938869,XE001
2023-09-02T19:08:51.326000,Edit,Progress,D20,0.007,XE001
2023-09-02T19:08:55.506000,Edit,Progress,D20,0.00704,XE001
2023-09-02T19:08:57.781000,Edit,Progress,D20,0.007042,XE001
2023-09-02T23:02:52.770000,Edit,Log,D616:D628,N/A,XE001
2023-09-03T09:51:38.350000,Edit,Dashboard-Students,A2:D10,N/A,XE001
2023-09-03T09:51:41.631000,Edit,Dashboard-Students,A2:D10,N/A,XE001
2023-09-03T09:53:10.621000,Edit,Sheet50,A1:D10,N/A,XE001
2023-09-03T09:53:17.008000,Edit,Sheet50,C1:C1000,N/A,XE001
2023-09-03T09:53:19.069000,Edit,Sheet50,C1:C1000,N/A,XE001
2023-09-03T09:53:36.366000,Edit,Sheet50,C1,N/A,XE001
2023-09-03T09:53:37.778000,Edit,History,C2:F2,N/A,XE001
2023-09-03T09:53:46.490000,Edit,Sheet50,G1:J9,N/A,XE001
2023-09-03T09:54:12.703000,Edit,Sheet50,K1:M9,N/A,XE001
2023-09-03T09:55:16.390000,Edit,Log,D629:D648,N/A,XE001
2023-09-03T18:29:09.811000,Edit,Log,D649:D680,N/A,XE001
2023-09-03T18:55:28.520000,Edit,Log,D681,N/A,XE001
2023-09-04T18:33:33.883000,Edit,Log,D683:D743,N/A,XE001
2023-09-04T22:24:48.289000,Edit,Log,D744:D753,N/A,XE001
2023-09-04T22:48:46.609000,Edit,Log,D754:D755,N/A,XE001
2023-09-04T23:36:55.096000,Edit,Peer Instruction,A1,How is it going? You are way below the dashboard :),XE001
2023-09-04T23:36:56.086000,Edit,Peer Instruction,A1,N/A,XE001
2023-09-04T23:37:02.915000,Edit,History,A2:F2,N/A,XE001
2023-09-04T23:37:05.705000,Edit,Peer Instruction,A1,N/A,XE001
2023-09-04T23:37:18.509000,Edit,Peer Instruction,A1:B45,N/A,XE001
2023-09-04T23:37:27.905000,Edit,Peer Instruction,A46:A1000,N/A,XE001
2023-09-04T23:39:10.871000,Edit,Peer Instruction,A1,Reg No,XE001
2023-09-04T23:39:13.561000,Edit,Peer Instruction,B1,Name,XE001
2023-09-04T23:40:34.180000,Edit,Peer Instruction,C1,Question 50,XE001
2023-09-04T23:40:39.155000,Edit,Peer Instruction,D1,Question 60,XE001
2023-09-04T23:41:59.214000,Edit,Peer Instruction,G1:H158,N/A,XE001
2023-09-04T23:42:21.279000,Edit,Peer Instruction,I1,#N/A,XE001
2023-09-04T23:42:25.567000,Edit,Peer Instruction,I1,,XE001
2023-09-04T23:42:45.645000,Edit,Peer Instruction,I1,,XE001
2023-09-04T23:42:54.155000,Edit,Peer Instruction,I2:I158,N/A,XE001
2023-09-04T23:43:10,Edit,Peer Instruction,F1:F158,N/A,XE001
2023-09-04T23:43:30.868000,Edit,Peer Instruction,AC1:AC158,,XE001
2023-09-04T23:46:25.660000,Edit,Peer Instruction,C2,#N/A,XE001
2023-09-04T23:46:30.300000,Edit,Peer Instruction,C2,N/A,XE001
2023-09-04T23:48:14.574000,Edit,Peer Instruction,C2,#N/A,XE001
2023-09-04T23:48:40.197000,Edit,Peer Instruction,C2,#N/A,XE001
2023-09-04T23:48:46.850000,Edit,Peer Instruction,C2,N/A,XE001
2023-09-04T23:50:11.714000,Edit,Peer Instruction,D2,N/A,XE001
2023-09-04T23:50:14.523000,Edit,Peer Instruction,D2,G0123 G0123,XE001
2023-09-04T23:50:18.869000,Edit,Peer Instruction,D2,N/A,XE001
2023-09-04T23:50:27.389000,Edit,Peer Instruction,C3:D46,N/A,XE001
2023-09-04T23:51:09.731000,Edit,Peer Instruction,E1,Evaluated by XE001?,XE001
2023-09-04T23:51:16.443000,Edit,Peer Instruction,E1,Student Evaluated by XE001?,XE001
2023-09-04T23:51:29.516000,Edit,Peer Instruction,E1,Student Evaluated by the Instructor/TA?,XE001
2023-09-04T23:52:09.272000,Edit,Peer Instruction,E46,N/A,XE001
2023-09-04T23:52:11.457000,Edit,Peer Instruction,E3:E45,N/A,XE001
2023-09-04T23:54:36.888000,Edit,Peer-Instruction,A1,N/A,XE001
2023-09-04T23:54:40.290000,Edit,Peer-Instruction,A1,Sl. No.,XE001
2023-09-04T23:54:43.060000,Edit,Peer-Instruction,A2,1.0,XE001
2023-09-04T23:54:47.971000,Edit,Peer-Instruction,A5:A46,N/A,XE001
2023-09-04T23:56:51.141000,Edit,Updates-Students,BN1,N/A,XE001
2023-09-04T23:56:57.337000,Edit,Updates-Students,BN1,Extra,XE001
2023-09-04T23:57:01.941000,Edit,Updates-Students,BN2:BN212,N/A,XE001
2023-09-04T23:57:30.788000,Edit,Updates-Students,E2,#VALUE!,XE001
2023-09-04T23:57:56.513000,Edit,Updates-Students,E2,#VALUE!,XE001
2023-09-04T23:58:01.649000,Edit,Updates-Students,BN2,10.0,XE001
2023-09-04T23:58:06.604000,Edit,Updates-Students,BN2,N/A,XE001
2023-09-04T23:58:15.724000,Edit,Updates-Students,E3:E212,N/A,XE001
2023-09-05T00:15:40.374000,Edit,Peer-Instruction,G1,Student Evaluated by the Instructor/TA for Question 60?,XE001
2023-09-05T00:45:01.833000,Edit,Peer-Instruction,AD24:AD157,N/A,XE001
2023-09-05T00:45:13.840000,Edit,Peer-Instruction,AD8:AD156,N/A,XE001
2023-09-05T01:20:06.433000,Edit,Peer-Instruction,A1:C44,N/A,XE001
2023-09-05T01:21:02.234000,Edit,History,A3:F3,N/A,XE001
2023-09-05T01:21:29.944000,Edit,History,A2:F2,N/A,XE001
2023-09-05T01:21:50.289000,Edit,Peer-Instruction,A1,The list is confidential for the time being. Please wait for the students to contact you,XE001
2023-09-05T01:21:53.675000,Edit,Peer-Instruction,A1,N/A,XE001
2023-09-05T01:22:03.686000,Edit,Peer-Instruction,A1:C43,N/A,XE001
2023-09-05T01:42:57.216000,Edit,Log,D756,N/A,XE001
2023-09-05T01:43:02.800000,Edit,Log,D757:D769,N/A,XE001
2023-09-05T08:02:03.059000,Edit,Log,D770:D773,N/A,XE001
2023-09-05T08:14:03.707000,Edit,Updates-Students,A106,G0001,XE001
2023-09-05T08:14:14.119000,Edit,Peer-Instruction,C9,G0001,XE001
2023-09-05T23:52:21.676000,Edit,Log,D774:D813,N/A,XE001
2023-09-05T23:56:27.268000,Edit,Peer-Instruction,D1:G999,N/A,XE001
2023-09-05T23:56:35.064000,Edit,Peer-Instruction,A2:C44,N/A,XE001
2023-09-05T23:56:39.092000,Edit,Peer-Instruction,A1,Sl. No.,XE001
2023-09-05T23:56:42.631000,Edit,Peer-Instruction,B1,Reg. No.,XE001
2023-09-05T23:56:44.157000,Edit,Peer-Instruction,C1,Name,XE001
2023-09-06T00:03:17.126000,Edit,Peer-Instruction,D3,N/A,XE001
2023-09-06T00:03:18.373000,Edit,Peer-Instruction,D3,G0123 G0123,XE001
2023-09-06T00:03:22.452000,Edit,Peer-Instruction,D3,G0163 G0163,XE001
2023-09-06T00:03:25.772000,Edit,Peer-Instruction,D3:D999,N/A,XE001
2023-09-06T00:03:26.954000,Edit,Peer-Instruction,D3:D999,N/A,XE001
2023-09-06T00:03:51.582000,Edit,History,A2:F2,N/A,XE001
2023-09-06T00:03:55.503000,Edit,Peer-Instruction,D2:G44,N/A,XE001
2023-09-06T00:04:11.707000,Edit,Peer-Instruction,D2:E44,N/A,XE001
2023-09-06T00:04:15.346000,Edit,Peer-Instruction,D2,G0123 G0123,XE001
2023-09-06T00:04:22.241000,Edit,Peer-Instruction,D2,N/A,XE001
2023-09-06T22:23:22.895000,Edit,Log,D18,N/A,XE001
2023-09-06T22:23:25.809000,Edit,Log,D18,N/A,XE001
2023-09-06T22:23:33.602000,Edit,Log,D814,N/A,XE001
2023-09-06T22:23:44.443000,Edit,Log,D815:D867,N/A,XE001
2023-09-06T22:49:32.068000,Edit,Updates-Students,U217,0.0,XE001
2023-09-06T22:49:35.373000,Edit,Updates-Students,V217,N/A,XE001
2023-09-06T22:49:38.079000,Edit,Updates-Students,W217,N/A,XE001
2023-09-06T22:49:38.810000,Edit,Updates-Students,X217,N/A,XE001
2023-09-06T22:49:42.107000,Edit,Updates-Students,F217,N/A,XE001
2023-09-06T22:49:51.283000,Edit,Updates-Students,H217,N/A,XE001
2023-09-06T22:49:51.309000,Edit,Updates-Students,O217,N/A,XE001
2023-09-06T22:49:58.825000,Edit,Updates-Students,Q217,200.0,XE001
2023-09-06T22:50:05.467000,Edit,Updates-Students,Y217,N/A,XE001
2023-09-06T22:50:09.572000,Edit,Updates-Students,Z217,N/A,XE001
2023-09-06T22:51:15.903000,Edit,Updates-Students,AA217,N/A,XE001
2023-09-06T22:51:17.509000,Edit,Updates-Students,AB217,N/A,XE001
2023-09-06T22:51:19.143000,Edit,Updates-Students,AC217,N/A,XE001
2023-09-06T22:51:30.714000,Edit,Updates-Students,AD217,N/A,XE001
2023-09-06T22:51:32.298000,Edit,Updates-Students,AE217,N/A,XE001
2023-09-06T22:51:33.551000,Edit,Updates-Students,AF217,N/A,XE001
2023-09-06T22:51:34.585000,Edit,Updates-Students,AG217,N/A,XE001
2023-09-06T22:51:38.125000,Edit,Updates-Students,AI217,N/A,XE001
2023-09-06T22:51:49.035000,Edit,Updates-Students,AJ217,N/A,XE001
2023-09-06T22:51:51.133000,Edit,Updates-Students,AK217,N/A,XE001
2023-09-06T22:51:55.068000,Edit,Updates-Students,AO217,N/A,XE001
2023-09-06T22:51:59.059000,Edit,Updates-Students,AS217,N/A,XE001
2023-09-06T22:52:05.477000,Edit,Updates-Students,AU217,N/A,XE001
2023-09-06T22:53:21.051000,Edit,Updates-Students,AX217,N/A,XE001
2023-09-06T22:53:33.188000,Edit,Updates-Students,AY217,N/A,XE001
2023-09-06T22:53:35.017000,Edit,Updates-Students,AZ217,N/A,XE001
2023-09-06T22:53:37.161000,Edit,Updates-Students,BA217,N/A,XE001
2023-09-06T22:53:46.312000,Edit,Updates-Students,BC217,N/A,XE001
2023-09-06T22:53:47.315000,Edit,Updates-Students,BD217,N/A,XE001
2023-09-06T22:53:50.869000,Edit,Updates-Students,BE217,N/A,XE001
2023-09-06T22:53:57.625000,Edit,Updates-Students,BL217,N/A,XE001
2023-09-07T07:18:42.990000,Edit,Log,D868,N/A,XE001
2023-09-07T07:18:44.272000,Edit,Log,D869,N/A,XE001
2023-09-07T07:18:45.926000,Edit,Log,D871,N/A,XE001
2023-09-07T07:18:46.792000,Edit,Log,D872,N/A,XE001
2023-09-07T07:18:52.377000,Edit,Log,D873:D883,N/A,XE001
2023-09-07T14:01:14.673000,Edit,Log,D884:D904,N/A,XE001
2023-09-07T22:52:32.415000,Edit,Log,D905:D933,N/A,XE001
2023-09-07T23:17:07.205000,Edit,Log,D934,N/A,XE001
2023-09-08T15:34:50.108000,Edit,Log,D935:D971,N/A,XE001
2023-09-08T20:38:49.694000,Edit,Log,D972:D996,N/A,XE001
2023-09-08T20:51:45.078000,Edit,Progress,B31,N/A,XE001
2023-09-08T21:01:23.420000,Edit,Log,D997:D999,N/A,XE001
2023-09-08T21:02:31.356000,Edit,Log,M523:M999,N/A,XE001
2023-09-08T22:42:24.098000,Edit,Log,D1000:D1005,N/A,XE001
2023-09-09T21:06:18.620000,Edit,Log,D1006:D1050,N/A,XE001
2023-09-09T22:58:07.447000,Edit,Log,D1051:D1056,N/A,XE001
2023-09-10T10:30:31.010000,Edit,Log,D1057:D1074,N/A,XE001
2023-09-10T11:56:42.421000,Edit,Log,D1075:D1077,N/A,XE001
2023-09-10T18:16:25.105000,Edit,Log,D1078:D1096,N/A,XE001
2023-09-10T22:30:17.709000,Edit,Log,D1097,N/A,XE001
2023-09-10T22:30:19.471000,Edit,Log,D1098,N/A,XE001
2023-09-11T15:20:39.669000,Edit,Log,D1099:D1116,N/A,XE001
2023-09-11T17:20:16.077000,Edit,Log,D1117:D1121,N/A,XE001
2023-09-11T20:03:52.313000,Edit,Log,D1122,N/A,XE001
2023-09-11T20:03:54.140000,Edit,Log,D1123,N/A,XE001
2023-09-11T20:08:56.589000,Edit,Progress,C2,N/A,XE001
2023-09-12T12:17:34.712000,Edit,Log,D1124:D1150,N/A,XE001
2023-09-12T20:57:05.186000,Edit,Log,D1151:D1169,N/A,XE001
2023-09-13T00:40:01.826000,Edit,Updates-Students,BN217,N/A,XE001
2023-09-13T00:40:04.606000,Edit,Updates-Students,BN217,N/A,XE001
2023-09-13T00:40:22.309000,Edit,Log,D1170:D1186,N/A,XE001
2023-09-13T00:45:44.390000,Edit,Log,D1187,N/A,XE001
2023-09-13T09:32:06.044000,Edit,Log,D1188:D1199,N/A,XE001
2023-09-13T09:38:37.560000,Edit,Log,D1200,N/A,XE001
2023-09-13T20:19:59.037000,Edit,Log,D1230,N/A,XE001
2023-09-13T20:20:06.590000,Edit,Log,D1200,N/A,XE001
2023-09-13T20:20:14.676000,Edit,Log,D1201:D1229,N/A,XE001
2023-09-13T20:20:52.933000,Edit,Log,D1231,N/A,XE001
2023-09-13T20:49:06.798000,Edit,Log,D1232:D1233,N/A,XE001
2023-09-13T20:54:27.651000,Edit,Log,D1234,N/A,XE001
2023-09-14T11:30:18.357000,Edit,Updates-Students,AX12,No,XE001
2023-09-14T21:43:13.803000,Edit,Log,D1235:D1275,N/A,XE001
2023-09-15T10:43:40.485000,Edit,Log,D1276:D1293,N/A,XE001
2023-09-16T05:27:18.093000,Edit,Log,D1294:D1308,N/A,XE001
2023-09-16T14:52:21.520000,Edit,Log,D1309:D1329,N/A,XE001
2023-09-17T15:56:18.653000,Edit,Log,D1330,N/A,XE001
2023-09-17T15:56:27.946000,Edit,Log,D1331:D1397,N/A,XE001
2023-09-17T15:59:05.968000,Edit,Log,D1398:D1399,N/A,XE001
2023-09-17T16:18:08.162000,Edit,Log,D1400,N/A,XE001
2023-09-18T18:48:41.218000,Edit,Log,D1401:D1463,N/A,XE001
2023-09-18T21:49:25.838000,Edit,Updates-Students,E59,#VALUE!,XE001
2023-09-18T21:50:57.570000,Edit,Log,D1464:D1468,N/A,XE001
2023-09-19T11:35:41.523000,Edit,Log,D1469:D1484,N/A,XE001
2023-09-20T16:01:19.046000,Edit,Log,D1485,N/A,XE001
2023-09-20T16:01:21.919000,Edit,Log,D1486:D1501,N/A,XE001
2023-09-21T12:17:38.810000,Edit,Log,D1502:D1535,N/A,XE001
2023-09-21T16:27:11.202000,Edit,Log,D1536:D1538,N/A,XE001
2023-09-21T19:59:19.576000,Edit,Log,D1539:D1540,N/A,XE001
2023-09-21T20:02:52.950000,Edit,Progress,G17,aaaaa,XE001
2023-09-21T20:02:55.072000,Edit,Progress,G17,N/A,XE001
2023-09-22T09:46:36.359000,Edit,Log,D1541:D1545,N/A,XE001
2023-09-22T21:23:00.727000,Edit,Log,D1546,N/A,XE001
2023-09-22T21:23:01.898000,Edit,Log,D1547,N/A,XE001
2023-09-22T21:23:04.328000,Edit,Log,D1551,N/A,XE001
2023-09-22T21:23:06.208000,Edit,Log,D1552,v,XE001
2023-09-22T21:23:08.150000,Edit,Log,D1550,N/A,XE001
2023-09-22T21:23:12.586000,Edit,Log,D1555,N/A,XE001
2023-09-23T10:55:05.666000,Edit,Log,D1557:D1562,N/A,XE001
2023-09-23T12:55:11.940000,Edit,Log,D1563,N/A,XE001
2023-09-23T13:33:43.921000,Edit,Log,D1564,N/A,XE001
2023-09-23T13:33:44.996000,Edit,Log,D1565,N/A,XE001
2023-09-23T14:25:41.837000,Edit,Mathcomp,A1,dd,XE001
2023-09-23T14:25:43.347000,Edit,Mathcomp,A1,N/A,XE001
2023-09-23T23:09:12.190000,Edit,Log,D1566:D1609,N/A,XE001
2023-09-24T10:35:29.940000,Edit,Log,D1610:D1649,N/A,XE001
2023-09-24T13:33:01.724000,Edit,Log,D1650:D1666,N/A,XE001
2023-09-24T20:52:03.490000,Edit,Log,D1667:D1706,N/A,XE001
2023-09-24T21:47:18.207000,Edit,Log,D1707:D1708,N/A,XE001
2023-09-25T07:41:21.731000,Edit,Log,D1709:D1721,N/A,XE001
2023-09-25T19:30:46.573000,Edit,Log,D1722:D1734,N/A,XE001
2023-09-25T19:30:56.305000,Edit,Log,D1735,N/A,XE001
2023-09-25T23:48:12.494000,Edit,Log,D1736:D1741,N/A,XE001
2023-12-03T21:36:02.356000,Edit,Updates-Students,F2,No,XE001
2023-12-03T21:36:09.068000,Edit,Updates-Students,F2,Yes,XE001
2023-12-03T21:36:12.203000,Edit,Updates-Students,F2,No,XE001
2023-12-03T21:36:14.596000,Edit,Updates-Students,F2,Yes,XE001
2023-12-03T22:02:27.938000,Edit,Updates-Students,F2,N/A,XE001
2024-05-15T15:13:27.738000,Edit,Updates-Students,F218:BN1217,N/A,XE001
2025-07-25T11:13:35.535000,Edit,Updates-Students,F4,No,XE001
2025-07-25T11:13:37.542000,Edit,Updates-Students,F4,No,XE001
2025-07-25T11:13:45.013000,Edit,Updates-Students,F4,Yes,XE001
